player_id,element_type,residual,gw
276,3,-1.0000006495506308,18
290,2,-1.8028660477911072,18
78,2,-2.0433333493023116,18
349,2,2.999999675884629,18
606,2,-0.5020562059432359,18
141,1,2.9999994254866373,18
99,4,-2.3323383658755172e-06,18
507,2,-2.000000288070106,18
536,2,-6.619627784945045e-07,18
189,2,-8.354135536452571e-07,18
460,3,-2.769894758814302e-07,18
467,4,-0.9378451046002257,18
17,3,-9.106361316707375e-07,18
314,1,-0.8177882589579254,18
511,2,-1.6536345251373177e-06,18
318,2,-1.6716727729357604e-06,18
68,1,0.9999992962468545,18
169,3,-6.828493558495172e-07,18
280,3,-0.2658999474651689,18
538,2,-1.284955117192464e-06,18
171,3,-1.551171043829905e-06,18
281,3,2.9999991452550963,18
27,3,-0.9913784641835013,18
322,2,0.9999985920034699,18
125,3,-9.803018062895986e-07,18
134,3,5.862359799090195,18
325,3,1.9999984146753698,18
386,3,-2.138368049513894e-06,18
631,2,-1.7885065133473599,18
182,1,-5.895198323105901,18
628,1,-3.2228246965353045e-07,18
8,2,5.027923154932069,18
187,2,7.999998807065343,18
301,3,-1.3743983268935958e-06,18
95,3,2.9999996874999053,18
146,2,7.9999924922576655,18
485,3,1.9999985249552503,18
463,3,-9.115639162481508e-07,18
509,2,7.936610358294821,18
551,3,-0.4665394178035517,18
424,3,0.9999983509509369,18
302,3,1.2087747860786002,18
168,3,-1.1982446850634603,18
563,4,4.928401491985042,18
282,3,0.9999994368580686,18
272,3,5.999999041277602,18
150,2,1.8237201420732645,18
266,3,-1.2461408606274625e-06,18
391,3,1.99999928018219,18
284,4,10.999997861107262,18
317,2,-1.4236022101991226e-06,18
275,3,1.5514814118396112,18
559,3,-4.640558322193433,18
2,1,-3.345828048787743e-06,18
373,2,1.2189394004222747,18
273,3,5.999998350842943,18
462,3,-9.767858392472505e-07,18
342,2,-5.279097404520272e-06,18
142,1,-5.873525599615959e-07,18
166,3,0.9999993600485659,18
508,2,1.9999987001201809,18
588,3,-1.2774941885382477e-06,18
22,3,0.9999983250565001,18
190,2,0.9999992720478363,18
515,3,0.19091512113015063,18
176,3,-2.6441107620169184e-07,18
398,4,-2.843581368704008,18
26,3,-2.1553743964091127e-06,18
321,2,-6.49967652599275,18
513,2,-0.5929832073189567,18
402,2,-4.002934640631794,18
139,1,-4.180431388232059e-07,18
328,3,-8.7331770713636e-06,18
267,3,-1.263502114873855,18
65,4,-0.27318168223216643,18
353,3,6.9999982100193625,18
472,1,-2.4173897778565476e-07,18
138,1,2.9999993325298786,18
308,3,-0.43213580431803966,18
516,3,1.8078659750479713,18
162,3,1.9999965722541984,18
279,3,-0.3428191641396769,18
79,2,-1.1315070162535925e-06,18
170,3,-1.034146972087311e-06,18
145,2,-5.879416996085393e-06,18
332,3,-1.1064060293923692e-06,18
575,2,-7.295941891074333e-07,18
18,3,0.9999957333844852,18
174,3,-4.502033202869777e-07,18
535,2,-1.3391870122557033e-06,18
9,2,2.9999975891466173,18
470,1,-1.4925076591238247,18
586,3,-8.730586914464038e-07,18
54,3,-2.8903939267835483e-06,18
178,4,-0.6506585594959841,18
188,2,0.9999984467668034,18
24,3,2.9999990067266813,18
307,3,0.9999995758116111,18
459,3,0.999999245067475,18
477,2,-1.2515348584616656e-06,18
84,3,-0.908516073758056,18
397,4,1.999999435719306,18
573,2,-4.161878084833273,18
334,3,0.9999991871510442,18
90,3,1.307113838172059,18
405,2,1.999998798442877,18
327,3,-5.01085780748445e-07,18
478,2,-6.672648941176084e-07,18
542,2,7.234704808596476,18
521,3,-2.765210166487142e-06,18
294,2,-4.932866889447903e-07,18
574,2,-4.779199772619124e-07,18
564,4,0.9999941273671357,18
552,3,-7.967692324639586e-07,18
354,3,-1.6735726539200695,18
10,2,-6.479379126464103e-07,18
487,3,-9.275048572606237e-07,18
553,3,-1.987501205854056e-06,18
132,3,1.9999990025392254,18
186,2,-5.908477741772462e-07,18
270,3,-2.235600805039498e-06,18
482,2,-1.4533274681093957,18
23,3,2.999994756119757,18
512,2,0.9999991002597813,18
581,3,-3.0933826302643197e-07,18
484,2,1.9999994230976292,18
497,3,0.371416996827003,18
67,1,0.9999987511262043,18
510,2,5.999999326520046,18
517,3,1.9999979059783195,18
59,3,1.9999985241745446,18
567,1,0.9999936394511849,18
66,1,0.9999992846651364,18
58,3,-9.092888463705157e-07,18
550,3,-2.8568390083346898e-06,18
85,3,-4.311266889583367,18
384,3,-8.200735560328837e-07,18
336,3,0.9999987198065458,18
568,2,-3.4588029761701774e-06,18
488,3,-1.5492440794343567,18
352,3,-5.977354747355928e-07,18
152,2,-3.8924616233170353,18
147,2,-4.4535630343897927e-07,18
355,3,2.9999985307967583,18
526,4,-0.8382452753777755,18
346,2,-0.39145897212279124,18
83,3,1.2836892604872205,18
21,3,-1.3172435319244982,18
87,3,1.9999994399229013,18
326,3,-9.938763697319649e-07,18
546,3,-4.979328043128175e-07,18
632,2,-5.297550827442096e-07,18
389,3,1.9999991147006864,18
89,3,-0.3820418328578321,18
74,2,1.9999970853504134,18
154,2,-6.578290415842487e-07,18
351,3,-1.6739432647795843e-06,18
627,1,1.9999995260186745,18
585,3,-3.3945271891681853e-06,18
75,2,1.9999993091059018,18
466,4,6.999999140480232,18
70,1,-4.3951299600840925e-06,18
88,3,1.999994823557014,18
543,3,-5.239397645675401e-06,18
283,4,7.156408893529477,18
296,2,10.999998926543155,18
604,2,-5.627037308902034e-07,18
630,1,-0.7006773472687187,18
528,1,-4.1148451372226695,18
149,2,-7.346467139288454e-07,18
173,3,-0.5786460893247797,18
333,3,-4.443428551692004e-07,18
475,2,-0.7184607146383309,18
115,2,1.9999989275081083,18
633,2,-1.6330500873338224e-06,18
305,3,-4.412534312693492e-07,18
493,3,-7.817203587852453e-07,18
390,3,1.99999896089314,18
82,3,-2.319306671151763,18
617,3,-1.7923005985197034e-06,18
288,1,-1.010111469440345,18
181,4,1.9999984946173541,18
94,3,-6.475820140840553e-07,18
127,3,-3.0146974598736327e-07,18
185,1,-2.1827110286961447e-06,18
480,2,1.9999985881305762,18
614,3,-0.6611069745970054,18
108,2,-6.867191312167524e-07,18
159,3,7.999994941243189,18
525,4,-3.272243254979647e-06,18
557,3,3.476084713757877,18
502,1,-4.790483846603338e-07,18
330,3,-0.8800691576695553,18
25,3,-1.1404185786946866e-06,18
387,3,0.9999991283089659,18
338,4,-8.93621784909166e-07,18
401,1,-3.672956679284222,18
392,3,-1.1239030229353089,18
522,3,-5.980169347197323e-07,18
339,1,-9.409823939352706e-07,18
610,2,-0.4511560378615566,18
388,3,2.662839631816059,18
319,2,-1.184712321945313e-06,18
331,3,1.9999996064063235,18
274,3,-7.986305381700398e-07,18
569,2,1.3357901748883936,18
133,3,2.7419398038961966,18
406,2,-0.7063805261388256,18
292,2,-8.70629006122168e-07,18
278,3,5.999999378973652,18
609,2,-8.829860844344765e-07,18
130,3,2.9999996643169378,18
69,1,1.9999989821502893,18
356,3,2.9999988768782506,18
64,4,-3.320367453673088e-06,18
503,1,-2.761311280129151e-06,18
286,4,2.722017747526074,18
400,1,-1.1591048266178893e-06,18
77,2,-0.9226916799202078,18
504,1,1.9999989423742095,18
183,1,-7.927350299690213e-08,18
505,2,-1.9221222332959794e-06,18
571,2,0.9999981862553204,18
595,3,-1.775767139924976e-06,18
91,3,1.9999989018734743,18
96,3,3.999998906721094,18
469,1,-6.243079194920798e-07,18
19,3,-1.0813488313092967,18
527,4,-1.109899701937656e-06,18
486,3,-1.3853334218148735e-06,18
15,2,5.9999936173313,18
80,2,1.9999976763402423,18
14,2,-1.224906141993709,18
136,4,-3.595441185463807e-06,18
608,2,-1.414205799984564e-06,18
335,3,1.9999973335500107,18
53,3,-1.0945371012818691e-06,18
128,3,9.999999430040273,18
300,3,6.376038616025428,18
580,3,-7.535293721421119e-06,18
603,2,-3.8477150186913533e-07,18
385,3,1.250476889454439,18
626,4,0.9999997331720301,18
165,3,0.9999995549664991,18
578,2,-3.7482765795528683e-07,18
395,3,-4.294732796511302e-06,18
311,4,-1.996328033156222e-06,18
97,4,-1.169547827414711e-06,18
179,4,-3.881664480758322e-07,18
359,3,-1.2496589037667749e-06,18
291,2,5.092022741507035,18
458,3,-8.0625493231401e-07,18
100,4,0.999996492956088,18
73,2,-6.569399901073306e-07,18
175,3,-1.3519352012463393e-07,18
613,3,-7.836417490253383e-07,18
57,3,-1.0106428738486255e-06,18
474,2,1.9999969916281217,18
285,4,-1.5616783817951321e-06,18
277,3,5.999999587169559,18
591,3,-5.035011878616264e-06,18
345,2,-0.3874970222797096,18
612,3,-0.5493673640105248,18
164,3,-8.525706808069308e-07,18
465,4,-0.33279657914001776,18
471,1,-2.983403402762603e-07,18
483,2,8.999999275510762,18
584,3,-7.435829816406215e-07,18
163,3,1.9999981440755372,18
344,2,0.9999983616578555,18
348,2,-2.105895751777514e-06,18
316,2,-1.7287797131521743,18
157,3,1.9999975652827582,18
323,2,1.9999993565915393,18
597,4,1.196050024682076,18
81,3,1.9999986408311805,18
341,1,-1.2543802013547787,18
618,3,-6.738853317696749e-07,18
404,2,-6.840612893889221e-07,18
184,1,-4.278336229185285e-07,18
577,2,-8.310905403824588e-07,18
303,3,1.3484910308848934,18
62,3,1.9999974690701414,18
456,3,-5.397503363878387e-07,18
161,3,-0.37363943328172483,18
350,3,-2.4728496388321884e-06,18
60,3,-1.7034571782580028,18
86,3,0.36011258460961404,18
453,3,-2.231659929049901e-06,18
519,3,-7.065018161750776e-07,18
494,3,-1.1620746689113317e-06,18
347,2,-8.823741082038326e-07,18
622,3,-4.1160518529789584e-07,18
191,2,0.9999983708963127,18
340,1,-8.700174576222829e-07,18
61,3,1.9999993887690664,18
315,1,0.9999985270516006,18
313,4,5.3365519763415765,18
596,4,-1.147774710788975,18
298,2,5.999996597308915,18
271,3,2.9999983904838112,18
310,4,6.999997368337245,18
545,3,-0.5202263188217056,18
1,1,-1.3025442603055498e-06,18
489,3,2.9999981779532705,18
357,3,-0.38878338655341715,18
312,4,-4.352500656827677e-07,18
268,3,-1.8959050911467854,18
158,3,3.9999989161584355,18
126,3,-8.498631769192944e-07,18
454,3,1.9999991848030267,18
383,3,2.999998912177086,18
177,3,-8.978261351328657e-07,18
172,3,-3.83781596030572e-07,18
324,3,1.9999935645366136,18
464,3,1.9999994550103983,18
556,3,6.999999053250712,18
71,2,-1.6628686110247852e-06,18
98,4,1.9999976555854968,18
140,1,0.9999996431552388,18
520,3,-3.774916872652256,18
72,2,-1.4679426607236051e-06,18
501,4,2.291129720555072,18
306,3,5.999998982878091,18
506,2,0.9682979588652507,18
3,1,4.99999365639307,18
304,3,-1.3286986422393898e-06,18
476,2,-1.9857207347410466,18
534,2,-3.6659265531066103e-07,18
293,2,-1.1551052128645104e-06,18
602,1,-4.243262720699936e-07,18
297,2,-0.30682822752094674,18
399,1,-3.532414289601416e-06,18
137,4,2.9999994944741952,18
309,3,0.07944790766073595,18
92,3,1.663820933751059,18
287,1,-1.2888991467518274e-06,18
262,2,-0.02826926320023837,18
151,2,-5.343046766994208e-07,18
337,4,-1.7662063448962768e-06,18
396,3,0.9999950950497857,18
11,2,7.999998797902287,18
629,1,-7.880907694556686e-07,18
393,3,-0.5818267089042153,18
5,2,-0.7769214159022033,18
4,1,2.9999946094508716,18
320,2,0.9999987986590488,18
299,3,-1.176357731904971e-06,18
180,4,-2.3359757174297613e-06,18
572,2,1.299963559493324,18
135,4,-1.2346273123398714,18
295,2,2.999998566889436,18
583,3,-3.6810404834754555e-07,18
93,3,0.9999995872767748,18
343,2,4.999998302000846,18
616,3,-0.8352884111472899,18
55,3,-0.5068476419138375,18
129,3,3.7412569629903114,18
7,2,-1.8122107267466457e-06,18
155,2,4.999999645355036,18
611,2,-1.4593338801522497,18
131,3,0.9999993222312468,18
6,2,-3.027266834378344,18
566,1,1.9999974907600302,18
76,2,-1.2341537146367488e-06,18
269,3,-9.502614358257732e-08,18
289,1,-8.555628232961116e-07,18
20,3,-1.9506927909157887,18
592,3,-4.4138155178713826e-07,18
192,2,-5.380653945655366e-06,18
156,2,10.999999332718005,18
473,2,1.3229617082821998,18
153,2,-1.172510721507996e-06,18
615,3,-8.396993211246117e-07,18
360,3,-2.4031319111854834e-07,18
495,3,-1.2915293262763694,18
461,3,0.9999980501169013,18
403,2,-8.375707887642515e-06,18
623,3,-1.7476649479690963e-06,18
455,3,0.9999972411896507,18
167,3,-1.0018712972247444e-06,18
63,3,-1.7733395217928947,18
16,3,5.9999958655373895,18
394,3,-3.272166717930494e-06,18
160,3,-0.5709982976229419,18
13,2,-4.707090941816185e-06,18
144,2,-6.199100145392761e-06,18
457,3,-1.1289639778924276,18
547,3,-7.093054912756068e-07,18
529,1,0.999999016525029,18
329,3,-6.691062811340346e-06,18
537,2,-2.066464026667269e-07,18
539,2,-0.1521204665798009,18
143,2,-0.23589547808078137,18
562,4,1.999999307751843,18
223,1,-2.0690850141204548e-07,18
301,3,-1.3743983268935958e-06,18
428,3,-2.350090571093139e-07,18
257,2,5.999997958708448,18
184,1,-4.278336229185285e-07,18
629,1,-7.880907694556686e-07,18
435,1,0.9999982875915915,18
123,3,-6.088827796797604e-07,18
240,3,6.999998006434004,18
250,4,-0.5746865248854733,18
539,2,-0.1521204665798009,18
659,2,-1.921282607226506e-07,18
192,2,-5.380653945655366e-06,18
506,2,-1.0317020411347493,18
136,4,-3.595441185463807e-06,18
142,1,5.99999941264744,18
547,3,-7.093054912756068e-07,18
552,3,1.9999992032307676,18
129,3,-1.2587430370096886,18
13,2,-4.707090941816185e-06,18
453,3,0.9999977683400709,18
15,2,1.9999936173312993,18
532,2,-0.610383214112869,18
430,4,0.36127450220017043,18
660,3,-1.1918369320602673,18
309,3,0.07944790766073595,18
9,2,-2.4108533827298465e-06,18
18,3,-4.266615514762648e-06,18
298,2,1.9999965973089147,18
566,1,-2.509239969853929e-06,18
230,2,1.9999991234593153,18
626,4,-2.668279699222425e-07,18
20,3,-1.9506927909157887,18
248,3,-1.8377357270218877e-06,18
527,4,-1.109899701937656e-06,18
305,3,-4.412534312693492e-07,18
186,2,1.9999994091522257,18
135,4,-1.2346273123398714,18
434,1,2.999998004528629,18
234,2,8.387377178220062,18
583,3,-3.6810404834754555e-07,18
470,1,-1.4925076591238247,18
293,2,-1.1551052128645104e-06,18
22,3,6.9999983250565,18
236,3,-1.7932035636887984,18
247,3,-1.11836198629219e-06,18
256,2,17.36465586042807,18
5,2,0.22307858409779668,18
238,3,-0.6053821694969672,18
361,3,0.9999991169751771,18
563,4,-1.0715985080149577,18
232,2,-4.28081354136586,18
426,3,2.9999996655314214,18
621,3,-0.30530976488569145,18
259,2,2.4698192221883235,18
466,4,0.9999991404802322,18
245,3,-1.008988020253567,18
304,3,1.9999986713013578,18
138,1,2.9999993325298786,18
235,3,-9.90548122689773e-06,18
243,3,-1.0717036341871865e-06,18
520,3,-3.774916872652256,18
559,3,-2.6405583221934332,18
190,2,-7.279521636217984e-07,18
194,2,-1.0000005656426985,18
478,2,-6.672648941176084e-07,18
550,3,0.9999971431609916,18
6,2,-0.027266834378344207,18
251,4,2.9999948898200186,18
233,2,1.9999973929541808,18
255,1,7.999998192331616,18
651,3,-5.347671290028719e-07,18
513,2,-0.5929832073189567,18
246,3,-0.6725383493334888,18
198,2,-4.78172311850265e-07,18
611,2,-1.4593338801522497,18
24,3,-9.932733185235575e-07,18
143,2,5.764104521919219,18
358,3,-2.105584424207263,18
139,1,-4.180431388232059e-07,18
577,2,3.9999991689094596,18
530,1,-1.1829359231909402e-06,18
253,1,-6.618117658643987e-07,18
3,1,-6.343606930300306e-06,18
599,4,-0.319834208410319,18
461,3,0.9999980501169013,18
658,4,-2.3420623741391902e-07,18
132,3,-9.974607745558268e-07,18
576,2,0.44233802980306436,18
2,1,-3.345828048787743e-06,18
427,3,-0.8273395974155242,18
604,2,-5.627037308902034e-07,18
300,3,-0.6239613839745718,18
196,2,6.999999415078228,18
126,3,-8.498631769192944e-07,18
436,2,2.999993763659702,18
125,3,0.9999990196981937,18
551,3,0.5334605821964483,18
366,1,4.542225382707402,18
187,2,-1.1929346567474352e-06,18
494,3,-1.1620746689113317e-06,18
296,2,1.9999989265431544,18
224,2,1.9999971804755095,18
229,2,-5.403699923350818e-07,18
127,3,4.999999698530254,18
601,1,-4.524942419639161e-07,18
299,3,-1.176357731904971e-06,18
501,4,-0.7088702794449282,18
442,2,-7.880869610620769e-07,18
295,2,0.999998566889436,18
603,2,-3.8477150186913533e-07,18
25,3,-1.1404185786946866e-06,18
303,3,-0.6515089691151066,18
137,4,2.9999994944741952,18
252,4,0.9999969372557691,18
441,2,-9.690844793534627e-07,18
588,3,-1.2774941885382477e-06,18
263,2,4.198955417890174,18
8,2,-0.9720768450679307,18
590,3,4.867760218923156,18
191,2,-1.629103687302307e-06,18
373,2,0.21893940042227455,18
657,4,-3.801087517017984e-07,18
367,1,0.9999989879523701,18
514,2,-6.518682954173803e-06,18
311,4,-1.996328033156222e-06,18
266,3,1.9999987538591393,18
131,3,2.999999322231247,18
606,2,-0.5020562059432359,18
625,4,-1.597145857706712e-06,18
189,2,-8.354135536452571e-07,18
27,3,-0.9913784641835013,18
231,2,1.067906830251789,18
308,3,1.5678641956819603,18
291,2,-0.9079772584929644,18
360,3,-2.4031319111854834e-07,18
609,2,-8.829860844344765e-07,18
122,3,8.999994767425884,18
264,2,10.999998924864538,18
241,3,-1.8869052995179538e-06,18
221,1,1.1675212224379146,18
562,4,-6.922481569942637e-07,18
4,1,-5.390549128282301e-06,18
475,2,5.281539285361669,18
307,3,0.9999995758116111,18
21,3,4.682756468075501,18
355,3,-1.4692032416966256e-06,18
620,3,-6.79003962807569e-07,18
310,4,1.9999973683372445,18
294,2,-4.932866889447903e-07,18
254,1,11.99999927285937,18
363,4,1.9999996269562292,18
352,3,-5.977354747355928e-07,18
437,2,-4.9476682142220965e-06,18
431,1,6.999998742493044,18
432,1,5.999991184470815,18
260,2,-1.193488402958674,18
362,4,0.15365118235173802,18
369,1,-1.4089185298548588,18
228,2,0.11358605018331258,18
140,1,-3.568447612356699e-07,18
439,2,5.999999132384473,18
12,2,-0.662082180792336,18
287,1,-1.2888991467518274e-06,18
16,3,1.9999958655373897,18
624,4,-1.6074404054532804e-06,18
572,2,-0.700036440506676,18
598,4,-6.945124896086416e-07,18
443,2,5.999993097089005,18
635,2,-2.324624901021604e-06,18
188,2,0.9999984467668034,18
193,2,1.9999985572688594,18
197,2,-0.8789193045265405,18
124,3,-1.8837491341766e-06,18
507,2,0.9999997119298941,18
249,4,-3.0853496630752646e-06,18
306,3,0.999998982878091,18
372,2,-1.5879433869485302,18
371,2,-1.3080469172653048e-06,18
120,3,-4.785429370504289e-06,18
463,3,-9.115639162481508e-07,18
365,4,-1.4530690045613543e-06,18
237,3,6.999998352816392,18
239,3,0.999998383119915,18
33,1,-0.6082547769767493,18
356,3,-1.1231217495184597e-06,18
262,2,10.971730736799762,18
226,2,-2.528994447737896e-06,18
529,1,-9.83474971031687e-07,18
261,2,1.1495936156720867,18
429,3,6.999999237144774,18
615,3,-8.396993211246117e-07,18
353,3,1.9999982100193627,18
199,2,2.999998108332604,18
183,1,-7.927350299690213e-08,18
597,4,-1.803949975317924,18
23,3,1.999994756119757,18
375,2,4.999998062326481,18
222,1,-1.6833612183281004,18
605,2,-3.870785013098804e-07,18
10,2,-6.479379126464103e-07,18
433,1,-3.88535810800537,18
312,4,-4.352500656827677e-07,18
592,3,0.9999995586184482,18
134,3,-0.13764020090980586,18
490,3,-5.082338173613106e-07,18
26,3,14.999997844625604,18
549,3,-2.8352097526136766e-07,18
359,3,6.9999987503410965,18
631,2,-1.7885065133473599,18
523,3,-8.785180142117223e-07,18
608,2,-1.414205799984564e-06,18
258,2,-1.0341506598023835,18
19,3,-0.08134883130929671,18
182,1,-5.895198323105901,18
531,2,-1.1569559169633541e-06,18
14,2,-1.224906141993709,18
357,3,5.611216613446583,18
370,2,0.9999982357311914,18
486,3,-1.3853334218148735e-06,18
195,2,-8.109810169996662e-07,18
600,1,-1.669262309871456e-06,18
446,2,-8.890348707299182e-07,18
133,3,-0.2580601961038034,18
267,3,-0.263502114873855,18
302,3,-0.7912252139213998,18
661,4,-1.0513866420615183,18
364,4,-1.9499509331482415e-06,18
17,3,-9.106361316707375e-07,18
444,2,-5.638580289937392e-07,18
7,2,3.999998187789273,18
445,2,-5.071762536399406e-07,18
185,1,-2.1827110286961447e-06,18
656,4,-1.0791676341854144e-07,18
374,2,-9.426201449300486e-07,18
268,3,-1.8959050911467854,18
1,1,-1.3025442603055498e-06,18
141,1,-5.74513362500844e-07,18
558,3,6.999997887965977,18
440,2,-9.129320392024935e-07,18
297,2,0.6931717724790533,18
368,1,0.9999987431361785,18
487,3,-9.275048572606237e-07,18
548,3,-3.031556584617247e-06,18
119,3,5.999997915020854,18
242,3,-9.27863904600385e-07,18
265,2,-0.49839954512040263,18
225,2,-6.132045084235545e-07,18
553,3,-1.987501205854056e-06,18
11,2,-1.202097713170711e-06,18
508,2,-1.299879819119699e-06,18
227,2,-7.144957367956599e-07,18
67,1,1.9999987511262043,18
121,3,7.999997804569929,18
438,2,2.999999206558449,18
593,3,-6.711041722580563e-07,18
465,4,-0.33279657914001776,18
244,3,-2.5566238817180635,18
627,1,-4.7398132555781297e-07,18
452,3,-2.0854220929921768e-06,18
130,3,2.9999996643169378,18
292,2,-8.70629006122168e-07,18
403,2,-8.375707887642515e-06,18
58,3,-9.092888463705157e-07,18
150,2,-0.17627985792673542,18
366,1,5.542225382707402,18
249,4,-3.0853496630752646e-06,18
394,3,1.999996727833282,18
514,2,2.9999934813170457,18
553,3,-1.987501205854056e-06,18
485,3,-1.475044749667432e-06,18
540,2,-0.24930736255329203,18
451,3,-3.202349634614311e-07,18
158,3,-1.0838415643040585e-06,18
272,3,-9.587223982800195e-07,18
529,1,1.999999016525029,18
281,3,1.999999145255096,18
411,2,4.999998776402883,18
237,3,-1.647183608486723e-06,18
203,3,-1.020309707747309,18
501,4,-0.7088702794449282,18
393,3,-0.5818267089042153,18
102,1,-2.986115827426376e-07,18
660,3,-1.1918369320602673,18
209,3,0.9999991268350278,18
325,3,-1.5853246303151237e-06,18
383,3,-1.0878229138287118e-06,18
213,3,-1.1531520179244189e-06,18
359,3,-1.2496589037667749e-06,18
270,3,0.999997764399195,18
353,3,-1.7899806373142746e-06,18
315,1,1.9999985270516007,18
326,3,-9.938763697319649e-07,18
426,3,-3.344685787337849e-07,18
278,3,1.9999993789736523,18
630,1,-1.7006773472687187,18
305,3,1.9999995587465687,18
317,2,-1.4236022101991226e-06,18
415,3,-4.976369719507518e-06,18
641,2,-6.740287811025097e-07,18
354,3,0.3264273460799305,18
571,2,-1.8137446795611298e-06,18
479,2,-4.0905379716075916e-07,18
183,1,-7.927350299690213e-08,18
290,2,-1.8028660477911072,18
210,3,-5.505202214729212e-06,18
519,3,2.999999293498184,18
373,2,2.2189394004222747,18
494,3,-1.1620746689113317e-06,18
321,2,-5.49967652599275,18
84,3,-0.908516073758056,18
585,3,-3.3945271891681853e-06,18
163,3,0.9999981440755372,18
512,2,1.9999991002597814,18
536,2,1.9999993380372214,18
496,3,-4.2018820019855854e-07,18
443,2,-6.902910994801665e-06,18
233,2,2.9999973929541808,18
575,2,-7.295941891074333e-07,18
508,2,-1.299879819119699e-06,18
157,3,5.999997565282758,18
405,2,0.999998798442877,18
402,2,-4.002934640631794,18
229,2,-5.403699923350818e-07,18
638,2,-0.4083732302882974,18
555,3,-3.176563028657909e-07,18
273,3,-1.64915705746609e-06,18
350,3,-2.4728496388321884e-06,18
253,1,-6.618117658643987e-07,18
118,2,-5.171006880502772e-07,18
141,1,-5.74513362500844e-07,18
530,1,-1.1829359231909402e-06,18
649,3,-2.467135148238716e-07,18
288,1,-1.010111469440345,18
355,3,-1.4692032416966256e-06,18
225,2,2.9999993867954915,18
490,3,-5.082338173613106e-07,18
420,3,0.9999989394999216,18
331,3,-3.9359367651047686e-07,18
117,2,-6.59814194212892e-07,18
603,2,1.9999996152284982,18
168,3,-0.19824468506346027,18
177,3,-8.978261351328657e-07,18
221,1,6.167521222437915,18
665,1,-4.995415231528736e-07,18
594,3,-1.0860747046217163,18
318,2,5.999998328327227,18
67,1,1.9999987511262043,18
495,3,-1.2915293262763694,18
314,1,0.1822117410420746,18
676,3,-0.9921343939395842,18
622,3,-4.1160518529789584e-07,18
298,2,-3.4026910852348854e-06,18
650,3,-3.663730548114289e-06,18
379,2,-6.804231720562237e-07,18
250,4,-0.5746865248854733,18
528,1,-3.1148451372226695,18
338,4,-8.93621784909166e-07,18
390,3,-1.0391068599285282e-06,18
398,4,-2.843581368704008,18
65,4,-1.2731816822321664,18
192,2,-5.380653945655366e-06,18
115,2,-1.072491891740781e-06,18
223,1,0.9999997930914986,18
671,4,-7.857995224660634e-07,18
423,3,0.9999969584639558,18
21,3,0.6827564680755018,18
274,3,-7.986305381700398e-07,18
515,3,-0.8090848788698494,18
301,3,0.9999986256016731,18
500,4,-5.990567349038612e-07,18
242,3,0.9999990721360954,18
50,3,-1.2247178229186448,18
431,1,-1.2575069566182174e-06,18
526,4,5.161754724622225,18
659,2,-1.921282607226506e-07,18
27,3,-0.9913784641835013,18
231,2,0.0679068302517889,18
306,3,-1.0171219090511993e-06,18
333,3,5.999999555657145,18
506,2,1.9682979588652507,18
352,3,-5.977354747355928e-07,18
598,4,-6.945124896086416e-07,18
72,2,1.9999985320573392,18
76,2,0.9999987658462853,18
5,2,0.22307858409779668,18
80,2,11.999997676340243,18
78,2,-1.0433333493023116,18
41,2,-5.915095121872921e-07,18
252,4,-3.0627442309106287e-06,18
25,3,-1.1404185786946866e-06,18
633,2,-1.6330500873338224e-06,18
666,4,-1.0978113425597147e-06,18
59,3,-1.4758254554649123e-06,18
560,4,-1.1561127119186073e-06,18
583,3,-3.6810404834754555e-07,18
461,3,-1.9498830986017865e-06,18
320,2,-1.2013409511118973e-06,18
572,2,-0.700036440506676,18
397,4,1.999999435719306,18
434,1,-1.9954713706105633e-06,18
559,3,-4.640558322193433,18
642,3,-2.0742314348503665,18
256,2,-0.6353441395719294,18
418,3,-4.110343215609679e-06,18
493,3,1.9999992182796411,18
99,4,-2.3323383658755172e-06,18
621,3,-0.30530976488569145,18
69,1,0.9999989821502893,18
586,3,-8.730586914464038e-07,18
48,3,-0.8681804959126214,18
43,2,0.8773790238981329,18
311,4,0.9999980036719669,18
363,4,-3.730437706835171e-07,18
34,1,-0.47718787316553846,18
584,3,-7.435829816406215e-07,18
329,3,5.999993308937189,18
547,3,-7.093054912756068e-07,18
194,2,1.9999994343573015,18
299,3,-1.176357731904971e-06,18
502,1,-4.790483846603338e-07,18
66,1,0.9999992846651364,18
86,3,0.36011258460961404,18
113,2,-0.5155093615046236,18
147,2,-4.4535630343897927e-07,18
222,1,3.3166387816719,18
339,1,-9.409823939352706e-07,18
558,3,5.999997887965977,18
561,4,-5.783419851298206e-07,18
433,1,-1.88535810800537,18
601,1,-4.524942419639161e-07,18
172,3,-3.83781596030572e-07,18
164,3,-8.525706808069308e-07,18
467,4,1.0621548953997744,18
257,2,0.9999979587084478,18
195,2,-8.109810169996662e-07,18
81,3,8.99999864083118,18
447,2,-2.0172405463727787,18
510,2,-6.734799534759412e-07,18
531,2,-1.1569559169633541e-06,18
639,2,-6.751233841903257e-07,18
107,2,-0.07813213484323134,18
361,3,-8.830248229526999e-07,18
246,3,2.3274616506665113,18
254,1,2.999999272859369,18
165,3,4.999999554966499,18
542,2,-0.7652951914035245,18
404,2,-6.840612893889221e-07,18
154,2,-6.578290415842487e-07,18
265,2,0.5016004548795974,18
307,3,1.9999995758116111,18
456,3,0.9999994602496636,18
465,4,1.6672034208599822,18
492,3,-1.974685135891799e-06,18
143,2,-0.23589547808078137,18
202,3,-0.7232084558890732,18
647,3,-2.0331897705182732e-07,18
442,2,-7.880869610620769e-07,18
345,2,0.6125029777202904,18
499,4,-2.0849198237198685e-06,18
410,2,0.9999993780961911,18
95,3,0.9999996874999053,18
287,1,0.9999987111008533,18
565,1,-0.7930953815269398,18
577,2,0.9999991689094596,18
651,3,-5.347671290028719e-07,18
550,3,-2.8568390083346898e-06,18
149,2,0.9999992653532861,18
335,3,4.999997333550011,18
319,2,0.9999988152876781,18
421,3,-0.5176193170184177,18
14,2,-1.224906141993709,18
364,4,-1.9499509331482415e-06,18
302,3,1.2087747860786002,18
33,1,6.391745223023251,18
94,3,-6.475820140840553e-07,18
308,3,1.5678641956819603,18
13,2,5.999995292909058,18
73,2,-6.569399901073306e-07,18
653,3,-9.648942255270296e-07,18
285,4,7.999998438321618,18
266,3,8.99999875385914,18
283,4,1.1564088935294772,18
131,3,-6.777687531908392e-07,18
6,2,-4.027266834378344,18
422,3,6.999992200085939,18
581,3,-3.0933826302643197e-07,18
54,3,-2.8903939267835483e-06,18
595,3,5.9999982242328604,18
184,1,-4.278336229185285e-07,18
413,3,0.9999992145270201,18
517,3,-2.094021680396766e-06,18
675,1,-4.3620986822812107e-07,18
661,4,-1.0513866420615183,18
655,4,-4.455544514393492e-07,18
139,1,-4.180431388232059e-07,18
106,2,1.0691354519698824,18
452,3,-2.0854220929921768e-06,18
399,1,-3.532414289601416e-06,18
549,3,-2.8352097526136766e-07,18
612,3,-3.549367364010525,18
26,3,0.9999978446256036,18
122,3,-5.232574115911654e-06,18
658,4,-2.3420623741391902e-07,18
459,3,0.999999245067475,18
554,3,1.9999929599946167,18
614,3,1.3388930254029945,18
42,2,8.43132692336449,18
174,3,-4.502033202869777e-07,18
428,3,1.999999764990943,18
15,2,1.9999936173312993,18
170,3,-1.034146972087311e-06,18
640,2,-9.089384641031295e-08,18
484,2,1.9999994230976292,18
323,2,-6.434084607984609e-07,18
534,2,-3.6659265531066103e-07,18
592,3,-4.4138155178713826e-07,18
664,1,-0.2625288674129405,18
134,3,-0.13764020090980586,18
523,3,-8.785180142117223e-07,18
64,4,1.9999966796325463,18
635,2,-2.324624901021604e-06,18
44,2,4.999998409537652,18
71,2,-1.6628686110247852e-06,18
616,3,2.16471158885271,18
424,3,-1.6490490630988547e-06,18
395,3,-4.294732796511302e-06,18
52,3,-1.0515353049080856e-06,18
35,1,6.999999355074931,18
83,3,7.28368926048722,18
279,3,-0.3428191641396769,18
277,3,1.9999995871695586,18
673,3,-6.770300573633394e-07,18
220,1,8.213804595390487,18
543,3,-5.239397645675401e-06,18
357,3,7.611216613446583,18
507,2,-2.880701058573435e-07,18
2,1,1.9999966541719512,18
409,2,-0.22141193530003145,18
505,2,0.9999980778777667,18
17,3,-9.106361316707375e-07,18
548,3,-3.031556584617247e-06,18
437,2,-4.9476682142220965e-06,18
87,3,0.9999994399229012,18
620,3,-6.79003962807569e-07,18
567,1,-6.360548815077168e-06,18
309,3,-0.920552092339264,18
609,2,2.9999991170139158,18
371,2,2.9999986919530826,18
566,1,-2.509239969853929e-06,18
186,2,1.9999994091522257,18
224,2,0.9999971804755095,18
68,1,-7.037531455378347e-07,18
276,3,1.9999993504493692,18
377,2,5.999998138581341,18
464,3,1.9999994550103983,18
282,3,-5.631419313706454e-07,18
135,4,-0.23462731233987144,18
138,1,-6.674701213267513e-07,18
474,2,7.999996991628122,18
468,4,0.8138645801923321,18
243,3,-1.0717036341871865e-06,18
90,3,5.307113838172059,18
606,2,-0.5020562059432359,18
160,3,2.4290017023770583,18
370,2,2.9999982357311916,18
672,2,-1.3256357424794523e-06,18
91,3,-1.0981265257089442e-06,18
190,2,0.9999992720478363,18
3,1,1.9999936563930698,18
656,4,-1.0791676341854144e-07,18
533,2,-4.6303765470939126e-06,18
450,3,0.24287435229767884,18
239,3,-1.6168800849870294e-06,18
264,2,1.9999989248645376,18
611,2,3.5406661198477503,18
458,3,0.9999991937450677,18
406,2,0.2936194738611744,18
93,3,-4.127232250991077e-07,18
551,3,-0.4665394178035517,18
198,2,-4.78172311850265e-07,18
440,2,-9.129320392024935e-07,18
142,1,1.99999941264744,18
472,1,-2.4173897778565476e-07,18
562,4,-6.922481569942637e-07,18
476,2,-0.9857207347410466,18
563,4,-1.0715985080149577,18
145,2,1.9999941205830039,18
416,3,-5.658492574633404e-07,18
408,2,0.9999989358080695,18
388,3,-3.337160368183941,18
103,1,-4.372116119313788e-07,18
130,3,1.9999996643169378,18
137,4,-5.055258048395773e-07,18
613,3,-7.836417490253383e-07,18
518,3,-2.1339937611305968e-06,18
346,2,1.6085410278772088,18
312,4,-4.352500656827677e-07,18
667,2,-1.333756465389554e-07,18
100,4,-3.5070439120175176e-06,18
187,2,-1.1929346567474352e-06,18
313,4,0.33655197634157674,18
605,2,-3.870785013098804e-07,18
445,2,0.9999994928237463,18
483,2,1.9999992755107618,18
171,3,11.999998448828956,18
392,3,-1.1239030229353089,18
112,2,1.3286441638324602,18
234,2,-0.6126228217799379,18
40,2,4.999998844337486,18
539,2,-0.1521204665798009,18
57,3,0.9999989893571262,18
604,2,-5.627037308902034e-07,18
310,4,-2.631662755463121e-06,18
111,2,0.9999986579888825,18
471,1,-2.983403402762603e-07,18
207,3,-2.619074808958082e-06,18
527,4,-1.109899701937656e-06,18
197,2,0.12108069547345945,18
365,4,0.9999985469309954,18
391,3,0.9999992801821899,18
255,1,1.9999981923316166,18
10,2,0.9999993520620873,18
292,2,0.9999991293709939,18
599,4,-0.319834208410319,18
153,2,-1.172510721507996e-06,18
4,1,0.9999946094508717,18
557,3,-0.523915286242123,18
47,3,-2.094675319335211e-06,18
360,3,-2.4031319111854834e-07,18
396,3,-4.904950214336313e-06,18
368,1,0.9999987431361785,18
62,3,1.9999974690701414,18
124,3,6.9999981162508655,18
509,2,-1.0633896417051785,18
574,2,-4.779199772619124e-07,18
626,4,-2.668279699222425e-07,18
486,3,-1.3853334218148735e-06,18
470,1,0.5074923408761753,18
597,4,-1.803949975317924,18
12,2,-0.662082180792336,18
85,3,1.6887331104166332,18
24,3,-9.932733185235575e-07,18
212,3,-8.498177083611859e-07,18
541,2,-1.0048097915085737e-05,18
201,3,1.9999924027158038,18
82,3,-2.319306671151763,18
156,2,5.999999332718005,18
481,2,1.999999013532085,18
196,2,-5.849217721228611e-07,18
588,3,-1.2774941885382477e-06,18
294,2,1.999999506713311,18
230,2,5.9999991234593155,18
263,2,-0.801044582109826,18
262,2,-0.02826926320023837,18
663,3,-1.0493777901289872e-06,18
414,3,-1.8299663831923817e-06,18
487,3,0.9999990724951427,18
568,2,-3.4588029761701774e-06,18
328,3,-8.7331770713636e-06,18
180,4,-2.3359757174297613e-06,18
632,2,-5.297550827442096e-07,18
63,3,-1.7733395217928947,18
269,3,0.9999999049738564,18
133,3,2.7419398038961966,18
384,3,-8.200735560328837e-07,18
89,3,-0.3820418328578321,18
654,4,-8.343856158454468e-07,18
378,2,-2.122441630892669,18
247,3,-1.11836198629219e-06,18
617,3,0.9999982076994015,18
460,3,-2.769894758814302e-07,18
260,2,0.8065115970413259,18
175,3,-1.3519352012463393e-07,18
248,3,-1.8377357270218877e-06,18
97,4,-1.169547827414711e-06,18
108,2,-6.867191312167524e-07,18
199,2,0.9999981083326039,18
564,4,0.9999941273671357,18
191,2,1.9999983708963127,18
489,3,0.9999981779532704,18
251,4,-5.110179981309703e-06,18
491,3,0.9999968057550984,18
206,3,-2.4407880668758936e-06,18
429,3,0.999999237144774,18
101,1,-0.2867378145226289,18
430,4,-1.6387254977998296,18
136,4,-3.595441185463807e-06,18
110,2,-1.9658419813155054e-06,18
524,3,-1.2603440212976678,18
19,3,8.918651168690703,18
439,2,-8.67615526689378e-07,18
96,3,-1.0932789060118772e-06,18
596,4,3.8522252892110247,18
295,2,0.999998566889436,18
37,2,5.999998809057368,18
556,3,-9.467492877565928e-07,18
322,2,-1.4079965300993176e-06,18
473,2,-0.6770382917178003,18
271,3,3.9999983904838112,18
128,3,1.999999430040273,18
208,3,-1.9421304010409485e-07,18
185,1,0.9999978172889713,18
372,2,-1.5879433869485302,18
643,3,-7.535127871275108e-07,18
521,3,-2.765210166487142e-06,18
238,3,6.394617830503033,18
438,2,-7.934415513197176e-07,18
646,3,-4.6370425446844694e-07,18
120,3,-4.785429370504289e-06,18
511,2,-1.6536345251373177e-06,18
327,3,6.999999498914219,18
455,3,1.9999972411896507,18
291,2,-0.9079772584929644,18
146,2,-7.507742334336687e-06,18
623,3,-1.7476649479690963e-06,18
216,4,-0.820872455603181,18
332,3,8.99999889359397,18
669,3,-7.684507676774883e-07,18
591,3,-5.035011878616264e-06,18
258,2,-0.03415065980238352,18
1,1,-1.3025442603055498e-06,18
18,3,-4.266615514762648e-06,18
573,2,-2.1618780848332726,18
382,3,-0.7922091250838932,18
454,3,-8.151969732467756e-07,18
176,3,-2.6441107620169184e-07,18
525,4,-3.272243254979647e-06,18
215,4,4.999998512735848,18
356,3,-1.1231217495184597e-06,18
625,4,0.9999984028541423,18
8,2,-0.9720768450679307,18
300,3,0.3760386160254282,18
227,2,-7.144957367956599e-07,18
432,1,-8.815529184755855e-06,18
475,2,1.281539285361669,18
9,2,-2.4108533827298465e-06,18
39,2,4.999998790093017,18
532,2,-0.610383214112869,18
449,3,-2.7013300378424203e-06,18
478,2,3.999999332735106,18
189,2,8.999999164586447,18
204,3,-6.521812130233625e-07,18
217,4,0.3473024250250596,18
341,1,7.7456197986452215,18
629,1,-7.880907694556686e-07,18
98,4,-2.3444145032232365e-06,18
570,2,-0.7340972157609413,18
589,3,1.9999961864891418,18
657,4,-3.801087517017984e-07,18
182,1,-3.895198323105901,18
104,1,5.802245414520377,18
121,3,-2.195430070310814e-06,18
628,1,9.99999967771753,18
362,4,-0.846348817648262,18
610,2,1.5488439621384433,18
578,2,-3.7482765795528683e-07,18
22,3,-1.6749434999381974e-06,18
480,2,1.9999985881305762,18
324,3,-6.435463386459639e-06,18
31,4,-0.887005472279418,18
678,2,-8.42538666084725e-07,18
74,2,0.9999970853504134,18
79,2,5.999998868492984,18
462,3,-9.767858392472505e-07,18
615,3,-8.396993211246117e-07,18
114,2,-0.45486086572259227,18
20,3,-1.9506927909157887,18
385,3,-0.7495231105455611,18
608,2,-1.414205799984564e-06,18
161,3,2.626360566718275,18
348,2,-2.105895751777514e-06,18
546,3,-4.979328043128175e-07,18
46,2,10.999999091821078,18
498,3,-9.117909606655964e-07,18
159,3,9.99999494124319,18
351,3,-1.6739432647795843e-06,18
457,3,-0.12896397789242764,18
284,4,1.9999978611072615,18
469,1,-6.243079194920798e-07,18
129,3,-1.2587430370096886,18
482,2,3.5466725318906045,18
427,3,1.1726604025844758,18
77,2,-0.9226916799202078,18
125,3,0.9999990196981937,18
28,3,-1.1404659614599013,18
38,2,-7.807134543635212e-07,18
193,2,1.9999985572688594,18
219,4,-7.157654817515238e-07,18
342,2,-5.279097404520272e-06,18
343,2,-1.6979991537179198e-06,18
419,3,-1.358620218541537e-06,18
569,2,0.3357901748883936,18
634,2,-6.969649375420645e-07,18
386,3,-2.138368049513894e-06,18
51,3,-1.363455372454731e-06,18
226,2,-2.528994447737896e-06,18
167,3,5.999998998128703,18
232,2,-4.28081354136586,18
637,2,-5.274681022301249e-07,18
580,3,-7.535293721421119e-06,18
29,3,0.2945594266163507,18
522,3,0.9999994019830653,18
358,3,3.894415575792737,18
162,3,-3.4277458016649745e-06,18
132,3,0.9999990025392255,18
181,4,-1.5053826458603376e-06,18
228,2,-0.8864139498166874,18
173,3,-0.5786460893247797,18
126,3,-8.498631769192944e-07,18
466,4,-8.595197678228429e-07,18
644,3,-1.1315258661817166e-06,18
627,1,-4.7398132555781297e-07,18
453,3,-2.231659929049901e-06,18
60,3,-1.7034571782580028,18
444,2,0.999999436141971,18
289,1,-8.555628232961116e-07,18
636,2,-1.608814350777714e-07,18
497,3,-0.628583003172997,18
148,2,-2.819928696816486e-07,18
631,2,-1.7885065133473599,18
520,3,-1.774916872652256,18
677,3,-6.614073339681344e-07,18
109,2,-1.1848402521105566e-06,18
53,3,2.9999989054628986,18
151,2,-5.343046766994208e-07,18
537,2,-2.066464026667269e-07,18
407,2,6.164380927579957,18
36,2,-1.4587131122388515,18
240,3,0.9999980064340046,18
330,3,0.11993084233044471,18
336,3,0.9999987198065458,18
127,3,0.999999698530254,18
340,1,-8.700174576222829e-07,18
504,1,8.999998942374209,18
241,3,-1.8869052995179538e-06,18
286,4,0.7220177475260738,18
88,3,0.999994823557014,18
412,2,-0.28580257186096797,18
674,1,-1.2429475416212453e-06,18
544,3,-0.8529739649355539,18
448,2,0.9999994230125803,18
11,2,7.999998797902287,18
144,2,-6.199100145392761e-06,18
488,3,-1.5492440794343567,18
280,3,1.7341000525348311,18
188,2,-1.5532331965754256e-06,18
55,3,-0.5068476419138375,18
582,3,1.999998608747898,18
375,2,-1.9376735197306585e-06,18
446,2,-8.890348707299182e-07,18
45,2,2.999999155857367,18
261,2,-0.8504063843279133,18
590,3,-1.1322397810768445,18
316,2,-1.7287797131521743,18
435,1,-1.7124084085196934e-06,18
304,3,8.999998671301357,18
275,3,0.5514814118396112,18
516,3,0.8078659750479713,18
140,1,1.9999996431552387,18
75,2,0.9999993091059018,18
235,3,4.999990094518773,18
367,1,-1.0120476299483524e-06,18
401,1,-3.672956679284222,18
600,1,-1.669262309871456e-06,18
61,3,0.9999993887690662,18
387,3,0.9999991283089659,18
297,2,4.693171772479054,18
32,1,-1.4706344899810783e-06,18
178,4,0.34934144050401594,18
624,4,1.9999983925595946,18
218,4,-4.195495359770812e-07,18
400,1,-1.1591048266178893e-06,18
245,3,-1.008988020253567,18
463,3,-9.115639162481508e-07,18
105,1,-2.106853853049473e-06,18
56,3,-3.2173962136055484e-07,18
244,3,-1.5566238817180635,18
303,3,7.348491030884894,18
593,3,1.9999993288958278,18
618,3,-6.738853317696749e-07,18
30,4,0.9999990137968031,18
179,4,-3.881664480758322e-07,18
602,1,0.9999995756737279,18
535,2,-1.3391870122557033e-06,18
214,3,-3.5849809264387686e-07,18
349,2,-3.2411537103982215e-07,18
337,4,-1.7662063448962768e-06,18
369,1,1.5910814701451412,18
166,3,0.9999993600485659,18
668,3,-0.7917696467860197,18
652,3,-7.523953544947388e-07,18
155,2,-3.54644964190468e-07,18
49,3,-0.5632685135157536,18
380,2,-7.304385254978453e-07,18
381,3,0.9999990937128486,18
552,3,-7.967692324639586e-07,18
123,3,-6.088827796797604e-07,18
607,2,-3.008668388092695e-07,18
200,3,0.9999934386327728,18
619,3,0.9999980882215277,18
477,2,0.9999987484651416,18
576,2,-0.5576619701969356,18
259,2,-2.5301807778116765,18
389,3,-8.852993137236295e-07,18
648,3,-2.1556687848986326e-07,18
417,3,0.9999969503639347,18
236,3,-1.7932035636887984,18
211,3,-1.3731858806813184,18
296,2,-1.0734568456589228e-06,18
513,2,-0.5929832073189567,18
116,2,-7.328845904429098e-07,18
645,3,-1.0656497150449703e-06,18
169,3,7.999999317150644,18
344,2,0.9999983616578555,18
293,2,-1.1551052128645104e-06,18
205,3,1.9999981313486268,18
334,3,-8.128489558134369e-07,18
587,3,-0.8377959625757164,18
374,2,1.9999990573798552,18
16,3,-4.134462610237676e-06,18
670,1,-1.1310517745785303e-06,18
545,3,0.47977368117829444,18
7,2,12.999998187789274,18
503,1,2.99999723868872,18
92,3,6.663820933751059,18
347,2,-8.823741082038326e-07,18
23,3,-5.243880243011385e-06,18
579,3,-6.776254747964267e-07,18
152,2,2.1075383766829647,18
268,3,-1.8959050911467854,18
662,2,-5.923008903486023e-07,18
267,3,-1.263502114873855,18
425,3,0.999999658845296,18
376,2,5.999999119862904,18
441,2,0.9999990309155207,18
436,2,0.9999937636597022,18
538,2,6.999998715044883,18
119,3,-2.0849791453721727e-06,18
70,1,0.9999956048700399,18
653,3,-9.648942255270296e-07,18
723,2,-6.327714879263039e-07,18
669,3,-7.684507676774883e-07,18
621,3,1.6946902351143085,18
397,4,-5.642806939634638e-07,18
714,4,0.999998502906566,18
487,3,-9.275048572606237e-07,18
607,2,-3.008668388092695e-07,18
655,4,0.9999995544455486,18
417,3,-3.049636065327984e-06,18
574,2,-4.779199772619124e-07,18
169,3,-6.828493558495172e-07,18
335,3,-2.666449989154002e-06,18
300,3,1.3760386160254283,18
732,4,-6.392471582397521e-07,18
206,3,-2.4407880668758936e-06,18
491,3,-3.1942449015942385e-06,18
700,3,-2.974155222466999e-07,18
53,3,-1.0945371012818691e-06,18
489,3,-1.822046729557505e-06,18
371,2,-1.3080469172653048e-06,18
378,2,4.877558369107331,18
488,3,0.4507559205656433,18
465,4,0.6672034208599822,18
178,4,5.349341440504016,18
23,3,-5.243880243011385e-06,18
634,2,-6.969649375420645e-07,18
13,2,-4.707090941816185e-06,18
191,2,0.9999983708963127,18
22,3,-1.6749434999381974e-06,18
626,4,-2.668279699222425e-07,18
195,2,-8.109810169996662e-07,18
38,2,-7.807134543635212e-07,18
46,2,-9.081789216718421e-07,18
579,3,-6.776254747964267e-07,18
690,3,-4.6143123800300333e-07,18
570,2,6.265902784239058,18
76,2,0.9999987658462853,18
448,2,-5.769874197032497e-07,18
233,2,-2.607045819225808e-06,18
302,3,1.2087747860786002,18
416,3,-5.658492574633404e-07,18
86,3,1.360112584609614,18
615,3,-8.396993211246117e-07,18
751,3,-1.7028123045510495e-07,18
539,2,4.847879533420199,18
617,3,0.9999982076994015,18
605,2,-3.870785013098804e-07,18
545,3,6.479773681178294,18
37,2,-1.1909426319413897e-06,18
495,3,0.7084706737236306,18
532,2,8.389616785887132,18
303,3,1.3484910308848934,18
181,4,-1.5053826458603376e-06,18
144,2,0.9999938008998546,18
164,3,-8.525706808069308e-07,18
702,3,-1.189283338140727e-07,18
254,1,-7.271406309065006e-07,18
288,1,0.989888530559655,18
192,2,-1.0000053806539457,18
224,2,-2.8195244905074913e-06,18
29,3,0.2945594266163507,18
753,1,-1.6081120159228576e-07,18
393,3,4.418173291095785,18
48,3,0.13181950408737864,18
705,2,0.9999996752973673,18
15,2,-6.382668700664218e-06,18
729,2,-2.0689430818348346e-07,18
420,3,-1.06050007842172e-06,18
34,1,1.5228121268344617,18
703,1,-0.9022477637340871,18
449,3,-2.7013300378424203e-06,18
237,3,-1.647183608486723e-06,18
398,4,-4.843581368704008,18
565,1,8.206904618473061,18
155,2,-3.54644964190468e-07,18
265,2,0.5016004548795974,18
450,3,8.24287435229768,18
235,3,-9.90548122689773e-06,18
680,4,-8.342398219460478e-07,18
514,2,-6.518682954173803e-06,18
72,2,-1.4679426607236051e-06,18
57,3,-1.0106428738486255e-06,18
499,4,0.9999979150801763,18
613,3,0.999999216358251,18
724,2,-3.060945153016451e-07,18
601,1,0.999999547505758,18
205,3,0.9999981313486269,18
24,3,-9.932733185235575e-07,18
281,3,-8.547449039622705e-07,18
379,2,0.999999319576828,18
552,3,-7.967692324639586e-07,18
521,3,-2.765210166487142e-06,18
241,3,-1.8869052995179538e-06,18
490,3,-5.082338173613106e-07,18
60,3,0.2965428217419972,18
5,2,9.223078584097797,18
25,3,-1.1404185786946866e-06,18
282,3,0.9999994368580686,18
583,3,-3.6810404834754555e-07,18
11,2,-1.202097713170711e-06,18
375,2,-1.9376735197306585e-06,18
218,4,-4.195495359770812e-07,18
541,2,-1.0048097915085737e-05,18
660,3,12.808163067939732,18
731,3,-6.264691248977513e-07,18
742,3,-2.4462594964694927e-07,18
421,3,1.4823806829815824,18
582,3,0.999998608747898,18
535,2,-1.3391870122557033e-06,18
400,1,-1.1591048266178893e-06,18
438,2,-7.934415513197176e-07,18
21,3,1.6827564680755018,18
171,3,-1.551171043829905e-06,18
143,2,1.7641045219192186,18
190,2,-7.279521636217984e-07,18
78,2,-0.043333349302311586,18
483,2,-7.2448923815591e-07,18
122,3,0.9999947674258841,18
180,4,-2.3359757174297613e-06,18
696,4,0.5945993533592424,18
668,3,0.2082303532139803,18
442,2,0.999999211913039,18
113,2,0.48449063849537644,18
423,3,-3.0415360442510816e-06,18
736,1,-1.004868938511641e-06,18
614,3,5.338893025402995,18
738,1,-1.8273600518642837e-07,18
232,2,-3.28081354136586,18
79,2,-1.1315070162535925e-06,18
175,3,-1.3519352012463393e-07,18
445,2,-5.071762536399406e-07,18
20,3,0.04930720908421127,18
174,3,-4.502033202869777e-07,18
252,4,-3.0627442309106287e-06,18
182,1,0.10480167689409914,18
244,3,4.443376118281936,18
519,3,-7.065018161750776e-07,18
332,3,-1.1064060293923692e-06,18
176,3,0.9999997355889237,18
43,2,7.877379023898133,18
409,2,1.7785880646999686,18
629,1,-7.880907694556686e-07,18
292,2,-8.70629006122168e-07,18
267,3,0.736497885126145,18
682,2,-9.51619012951877e-07,18
198,2,-4.78172311850265e-07,18
280,3,0.7341000525348311,18
494,3,-1.1620746689113317e-06,18
467,4,0.06215489539977426,18
404,2,-6.840612893889221e-07,18
133,3,1.7419398038961966,18
480,2,-1.41186942381792e-06,18
577,2,-8.310905403824588e-07,18
474,2,-3.008371878237369e-06,18
516,3,5.807865975047971,18
298,2,0.9999965973089148,18
80,2,-2.3236597576102766e-06,18
536,2,0.9999993380372215,18
506,2,0.9682979588652507,18
159,3,-5.0587568108340534e-06,18
197,2,1.1210806954734593,18
460,3,-2.769894758814302e-07,18
534,2,0.9999996334073447,18
314,1,1.1822117410420745,18
627,1,-4.7398132555781297e-07,18
531,2,-1.1569559169633541e-06,18
619,3,-1.91177847235159e-06,18
740,2,-1.6830337127519745e-07,18
432,1,-8.815529184755855e-06,18
422,3,-7.799914061070026e-06,18
388,3,-3.337160368183941,18
246,3,1.3274616506665113,18
351,3,0.9999983260567352,18
330,3,5.119930842330445,18
135,4,0.7653726876601286,18
544,3,5.147026035064446,18
461,3,-1.9498830986017865e-06,18
741,4,-1.9659024092022272e-07,18
486,3,-1.3853334218148735e-06,18
337,4,-1.7662063448962768e-06,18
510,2,-6.734799534759412e-07,18
221,1,7.167521222437915,18
538,2,-1.284955117192464e-06,18
306,3,-1.0171219090511993e-06,18
309,3,1.079447907660736,18
730,4,-1.3554152565368156e-06,18
320,2,-1.2013409511118973e-06,18
209,3,-8.731649722692268e-07,18
64,4,0.9999966796325463,18
134,3,6.862359799090195,18
50,3,0.7752821770813552,18
743,3,-2.1121671199985023e-07,18
505,2,-1.9221222332959794e-06,18
739,3,-2.590893284137578e-07,18
239,3,-1.6168800849870294e-06,18
578,2,-3.7482765795528683e-07,18
713,2,-1.1145981058685456e-06,18
394,3,0.9999967278332821,18
69,1,-1.0178497107269122e-06,18
561,4,-5.783419851298206e-07,18
147,2,-4.4535630343897927e-07,18
278,3,-6.210263476180989e-07,18
457,3,-0.12896397789242764,18
581,3,-3.0933826302643197e-07,18
405,2,0.999998798442877,18
271,3,-1.609516188771191e-06,18
17,3,-9.106361316707375e-07,18
286,4,0.7220177475260738,18
290,2,3.197133952208893,18
184,1,-4.278336229185285e-07,18
131,3,-6.777687531908392e-07,18
698,3,-7.842477444358819e-07,18
328,3,0.9999912668229286,18
295,2,0.999998566889436,18
576,2,1.4423380298030644,18
12,2,1.337917819207664,18
183,1,-7.927350299690213e-08,18
44,2,0.9999984095376525,18
523,3,-8.785180142117223e-07,18
722,3,-9.712212655527289e-07,18
214,3,-3.5849809264387686e-07,18
589,3,-3.8135108581521307e-06,18
639,2,-6.751233841903257e-07,18
662,2,-5.923008903486023e-07,18
399,1,-3.532414289601416e-06,18
720,4,-1.0159478558240611e-06,18
391,3,-7.198178100893478e-07,18
456,3,-5.397503363878387e-07,18
16,3,-4.134462610237676e-06,18
304,3,-1.3286986422393898e-06,18
721,2,-1.0246827121579186e-06,18
759,2,-5.502356928854818e-07,18
618,3,-6.738853317696749e-07,18
58,3,-9.092888463705157e-07,18
446,2,-8.890348707299182e-07,18
89,3,-0.3820418328578321,18
646,3,-4.6370425446844694e-07,18
127,3,-3.0146974598736327e-07,18
385,3,1.250476889454439,18
177,3,0.9999991021738649,18
83,3,4.28368926048722,18
30,4,-9.862031969307682e-07,18
596,4,7.852225289211025,18
407,2,1.1643809275799568,18
525,4,-3.272243254979647e-06,18
434,1,-1.9954713706105633e-06,18
650,3,-3.663730548114289e-06,18
336,3,-1.2801934541946048e-06,18
663,3,4.99999895062221,18
408,2,-1.0641919304186901e-06,18
220,1,0.21380459539048657,18
716,2,-9.978378800099535e-07,18
319,2,-1.184712321945313e-06,18
325,3,-1.5853246303151237e-06,18
567,1,-6.360548815077168e-06,18
625,4,-1.597145857706712e-06,18
640,2,-9.089384641031295e-08,18
42,2,4.431326923364489,18
199,2,-1.8916673960759606e-06,18
428,3,-2.350090571093139e-07,18
253,1,-6.618117658643987e-07,18
749,4,-7.88717803632763e-07,18
230,2,-8.76540684742797e-07,18
734,3,-1.9103294659276838e-07,18
35,1,-6.449250684829355e-07,18
32,1,0.99999852936551,18
687,3,1.305816271906969,18
518,3,-2.1339937611305968e-06,18
52,3,-1.0515353049080856e-06,18
26,3,0.9999978446256036,18
372,2,0.4120566130514698,18
194,2,-5.656426984068807e-07,18
550,3,-2.8568390083346898e-06,18
533,2,-4.6303765470939126e-06,18
633,2,0.9999983669499126,18
707,3,0.999998737648545,18
673,3,-6.770300573633394e-07,18
430,4,0.36127450220017043,18
509,2,6.936610358294821,18
691,4,0.9999983453316118,18
324,3,-6.435463386459639e-06,18
476,2,-0.9857207347410466,18
148,2,-2.819928696816486e-07,18
424,3,-1.6490490630988547e-06,18
6,2,-4.027266834378344,18
61,3,-6.112309337259807e-07,18
528,1,2.8851548627773305,18
396,3,0.9999950950497857,18
458,3,-8.0625493231401e-07,18
132,3,-9.974607745558268e-07,18
141,1,-5.74513362500844e-07,18
493,3,-7.817203587852453e-07,18
559,3,-2.6405583221934332,18
249,4,-3.0853496630752646e-06,18
313,4,1.3365519763415767,18
439,2,-3.0000008676155265,18
689,3,8.385874156429212,18
392,3,0.8760969770646911,18
711,3,-1.1888332574005919e-07,18
382,3,1.2077908749161068,18
715,1,-1.1948299447392732,18
251,4,-5.110179981309703e-06,18
624,4,-1.6074404054532804e-06,18
760,2,-1.622540113874677e-07,18
571,2,-1.8137446795611298e-06,18
27,3,0.008621535816498715,18
412,2,1.714197428139032,18
443,2,-6.902910994801665e-06,18
222,1,0.3166387816718996,18
310,4,-2.631662755463121e-06,18
553,3,0.9999980124987942,18
327,3,-5.01085780748445e-07,18
642,3,0.9257685651496335,18
10,2,-6.479379126464103e-07,18
70,1,-4.3951299600840925e-06,18
260,2,-0.1934884029586741,18
648,3,-2.1556687848986326e-07,18
497,3,4.371416996827003,18
151,2,-5.343046766994208e-07,18
402,2,-2.0029346406317936,18
179,4,-3.881664480758322e-07,18
754,3,-7.896431419663239e-08,18
726,4,-9.217230939700958e-07,18
641,2,-6.740287811025097e-07,18
187,2,-1.1929346567474352e-06,18
88,3,-5.176442986004317e-06,18
758,3,-8.926623347466526e-07,18
750,2,-1.72437340037077e-07,18
520,3,2.225083127347744,18
413,3,-7.854729799058385e-07,18
706,2,0.9999987413052857,18
419,3,0.9999986413797814,18
307,3,-4.241883888459179e-07,18
503,1,0.9999972386887199,18
240,3,-1.9935659954287192e-06,18
256,2,1.3646558604280705,18
297,2,1.6931717724790531,18
211,3,-2.3731858806813184,18
543,3,-5.239397645675401e-06,18
138,1,0.9999993325298787,18
548,3,-3.031556584617247e-06,18
524,3,6.7396559787023325,18
291,2,1.0920227415070356,18
513,2,2.407016792681043,18
331,3,-3.9359367651047686e-07,18
598,4,7.999999305487511,18
554,3,-7.040005383361527e-06,18
264,2,-1.0751354623779817e-06,18
560,4,-1.1561127119186073e-06,18
437,2,-4.9476682142220965e-06,18
610,2,-0.4511560378615566,18
664,1,2.7374711325870593,18
311,4,0.9999980036719669,18
128,3,-5.699597270485161e-07,18
609,2,0.9999991170139155,18
708,3,-0.9442235507994947,18
709,2,-0.8821166524341759,18
484,2,0.9999994230976292,18
243,3,-1.0717036341871865e-06,18
649,3,-2.467135148238716e-07,18
383,3,-1.0878229138287118e-06,18
47,3,-2.094675319335211e-06,18
186,2,-5.908477741772462e-07,18
580,3,-7.535293721421119e-06,18
747,2,-3.1289134536419044e-07,18
152,2,-2.8924616233170353,18
586,3,-8.730586914464038e-07,18
56,3,-3.2173962136055484e-07,18
275,3,-0.4485185881603888,18
440,2,-9.129320392024935e-07,18
671,4,-7.857995224660634e-07,18
31,4,1.112994527720582,18
272,3,-9.587223982800195e-07,18
433,1,-1.88535810800537,18
426,3,-3.344685787337849e-07,18
694,2,-7.095844701376808e-07,18
594,3,0.9139252953782837,18
123,3,-6.088827796797604e-07,18
170,3,-1.034146972087311e-06,18
665,1,-4.995415231528736e-07,18
39,2,-1.2099069822891923e-06,18
373,2,0.21893940042227455,18
87,3,-5.600770987805393e-07,18
146,2,-7.507742334336687e-06,18
602,1,0.9999995756737279,18
464,3,-5.449896016752616e-07,18
318,2,-1.6716727729357604e-06,18
657,4,-3.801087517017984e-07,18
699,3,1.5014853995325774,18
8,2,1.0279231549320693,18
674,1,0.9999987570524583,18
173,3,5.42135391067522,18
496,3,0.9999995798117998,18
242,3,-9.27863904600385e-07,18
603,2,-3.8477150186913533e-07,18
588,3,-1.2774941885382477e-06,18
530,1,-1.1829359231909402e-06,18
508,2,0.9999987001201809,18
447,2,2.9827594536272213,18
395,3,-4.294732796511302e-06,18
606,2,0.49794379405676414,18
374,2,-9.426201449300486e-07,18
502,1,-4.790483846603338e-07,18
427,3,1.1726604025844758,18
453,3,0.9999977683400709,18
381,3,-9.06287151411525e-07,18
284,4,-2.1388927384091924e-06,18
136,4,-3.595441185463807e-06,18
623,3,-1.7476649479690963e-06,18
597,4,0.196050024682076,18
527,4,-1.109899701937656e-06,18
274,3,-7.986305381700398e-07,18
301,3,-1.3743983268935958e-06,18
269,3,-9.502614358257732e-08,18
75,2,-6.90894098113073e-07,18
125,3,0.9999990196981937,18
158,3,-1.0838415643040585e-06,18
481,2,-9.864679148056936e-07,18
279,3,1.657180835860323,18
172,3,-3.83781596030572e-07,18
165,3,-4.4503350096537097e-07,18
4,1,-5.390549128282301e-06,18
745,2,-2.5624207692699724e-07,18
223,1,-2.0690850141204548e-07,18
555,3,-3.176563028657909e-07,18
632,2,-5.297550827442096e-07,18
305,3,-4.412534312693492e-07,18
728,3,-3.027524076346364e-07,18
512,2,-8.997402186102565e-07,18
551,3,6.533460582196448,18
573,2,-2.1618780848332726,18
522,3,-5.980169347197323e-07,18
377,2,-1.8614186593700652e-06,18
261,2,0.14959361567208673,18
289,1,-8.555628232961116e-07,18
645,3,-1.0656497150449703e-06,18
19,3,-0.08134883130929671,18
469,1,-6.243079194920798e-07,18
41,2,-5.915095121872921e-07,18
66,1,0.9999992846651364,18
547,3,-7.093054912756068e-07,18
203,3,-0.02030970774730889,18
316,2,5.271220286847826,18
248,3,-1.8377357270218877e-06,18
208,3,0.9999998057869599,18
595,3,-1.775767139924976e-06,18
317,2,-1.4236022101991226e-06,18
45,2,-8.44142633234642e-07,18
229,2,-5.403699923350818e-07,18
415,3,0.9999950236302805,18
658,4,-2.3420623741391902e-07,18
451,3,-3.202349634614311e-07,18
2,1,-3.345828048787743e-06,18
188,2,-1.5532331965754256e-06,18
418,3,-4.110343215609679e-06,18
666,4,-1.0978113425597147e-06,18
656,4,-1.0791676341854144e-07,18
735,3,-1.193807871134969e-06,18
651,3,-5.347671290028719e-07,18
470,1,0.5074923408761753,18
672,2,4.9999986743642575,18
219,4,-7.157654817515238e-07,18
63,3,3.2266604782071053,18
215,4,-1.4872641514612173e-06,18
228,2,1.1135860501833126,18
247,3,-1.11836198629219e-06,18
294,2,-4.932866889447903e-07,18
652,3,-7.523953544947388e-07,18
360,3,0.9999997596868089,18
163,3,-1.8559244628306173e-06,18
390,3,-1.0391068599285282e-06,18
154,2,7.999999342170958,18
287,1,0.9999987111008533,18
604,2,0.9999994372962691,18
757,1,-1.9157002663853934e-07,18
386,3,-2.138368049513894e-06,18
636,2,-1.608814350777714e-07,18
659,2,-1.921282607226506e-07,18
124,3,-1.8837491341766e-06,18
635,2,0.999997675375099,18
667,2,-1.333756465389554e-07,18
329,3,-6.691062811340346e-06,18
462,3,-9.767858392472505e-07,18
140,1,-3.568447612356699e-07,18
200,3,-6.561367227187606e-06,18
540,2,0.750692637446708,18
748,3,-8.573290576388801e-08,18
137,4,-5.055258048395773e-07,18
81,3,0.9999986408311804,18
638,2,1.5916267697117026,18
628,1,-3.2228246965353045e-07,18
475,2,8.281539285361669,18
296,2,-1.0734568456589228e-06,18
654,4,-8.343856158454468e-07,18
485,3,0.9999985249552503,18
323,2,-6.434084607984609e-07,18
201,3,-7.597284196098721e-06,18
68,1,-7.037531455378347e-07,18
563,4,0.9284014919850423,18
204,3,-6.521812130233625e-07,18
677,3,-6.614073339681344e-07,18
403,2,-8.375707887642515e-06,18
686,3,-4.524136182642517e-07,18
210,3,0.9999944947977852,18
67,1,-1.2488737956668736e-06,18
501,4,0.2911297205550718,18
568,2,-3.4588029761701774e-06,18
202,3,0.27679154411092677,18
226,2,0.9999974710055523,18
463,3,-9.115639162481508e-07,18
537,2,-2.066464026667269e-07,18
719,2,-9.344677530477979e-07,18
157,3,-2.434717241880971e-06,18
466,4,-8.595197678228429e-07,18
130,3,-3.356830622848814e-07,18
692,2,-2.2160660957794198e-07,18
77,2,0.07730832007979216,18
452,3,-2.0854220929921768e-06,18
283,4,0.15640889352947718,18
558,3,-2.112034022965996e-06,18
339,1,-9.409823939352706e-07,18
557,3,1.476084713757877,18
591,3,-5.035011878616264e-06,18
477,2,-1.2515348584616656e-06,18
575,2,-7.295941891074333e-07,18
263,2,1.198955417890174,18
587,3,2.1622040374242837,18
406,2,1.2936194738611744,18
410,2,-6.219038089325786e-07,18
273,3,-1.64915705746609e-06,18
387,3,-8.716910341526275e-07,18
590,3,-0.13223978107684453,18
549,3,-2.8352097526136766e-07,18
556,3,-9.467492877565928e-07,18
608,2,0.9999985857942,18
454,3,-8.151969732467756e-07,18
599,4,2.680165791589681,18
321,2,2.50032347400725,18
584,3,-7.435829816406215e-07,18
697,3,0.9999992020163705,18
3,1,-6.343606930300306e-06,18
245,3,-0.008988020253567042,18
14,2,6.775093858006291,18
683,2,-1.0667848478576912e-06,18
564,4,-5.872632864371433e-06,18
333,3,-4.443428551692004e-07,18
517,3,-2.094021680396766e-06,18
693,3,-1.1000357304479577e-06,18
33,1,7.391745223023251,18
49,3,1.4367314864842464,18
270,3,0.999997764399195,18
542,2,2.2347048085964754,18
630,1,3.2993226527312816,18
679,1,-1.0235723640229513e-07,18
362,4,0.15365118235173802,18
507,2,-2.880701058573435e-07,18
472,1,-2.4173897778565476e-07,18
376,2,-8.80137096062274e-07,18
384,3,-8.200735560328837e-07,18
312,4,-4.352500656827677e-07,18
471,1,-2.983403402762603e-07,18
643,3,-7.535127871275108e-07,18
637,2,-5.274681022301249e-07,18
511,2,0.9999983463654749,18
546,3,-4.979328043128175e-07,18
185,1,-2.1827110286961447e-06,18
150,2,1.8237201420732645,18
592,3,-4.4138155178713826e-07,18
196,2,-5.849217721228611e-07,18
326,3,0.9999990061236302,18
710,2,-4.308247896597515e-07,18
746,3,-1.507586238014123e-07,18
479,2,-4.0905379716075916e-07,18
234,2,0.3873771782200621,18
504,1,-1.057625790514827e-06,18
340,1,-8.700174576222829e-07,18
308,3,6.567864195681961,18
500,4,-5.990567349038612e-07,18
82,3,-1.3193066711517631,18
737,4,-3.5217180601274784e-07,18
695,2,-5.12866278281484e-07,18
213,3,-1.1531520179244189e-06,18
153,2,-1.172510721507996e-06,18
293,2,0.9999988448947872,18
611,2,0.5406661198477503,18
156,2,-6.672819951358759e-07,18
1,1,-1.3025442603055498e-06,18
51,3,-1.363455372454731e-06,18
712,3,-1.1543385991993842e-06,18
529,1,-9.83474971031687e-07,18
478,2,-6.672648941176084e-07,18
161,3,2.626360566718275,18
498,3,-9.117909606655964e-07,18
231,2,1.067906830251789,18
322,2,-1.4079965300993176e-06,18
129,3,0.7412569629903114,18
189,2,-8.354135536452571e-07,18
756,3,-1.7118886747665673e-07,18
441,2,-9.690844793534627e-07,18
167,3,-1.0018712972247444e-06,18
370,2,-1.764268808572224e-06,18
755,3,-1.11825972505033e-07,18
569,2,2.335790174888394,18
266,3,-1.2461408606274625e-06,18
276,3,-6.495506308470987e-07,18
74,2,-2.914649586520469e-06,18
55,3,1.4931523580861625,18
429,3,-7.628552259835067e-07,18
704,3,-2.983058035142255e-07,18
259,2,-1.5301807778116765,18
126,3,-8.498631769192944e-07,18
9,2,-2.4108533827298465e-06,18
285,4,-1.5616783817951321e-06,18
162,3,-3.4277458016649745e-06,18
661,4,0.9486133579384817,18
338,4,-8.93621784909166e-07,18
688,1,0.6098793762083727,18
84,3,3.091483926241944,18
166,3,-6.399514340966184e-07,18
207,3,-2.619074808958082e-06,18
250,4,1.4253134751145267,18
217,4,-0.6526975749749404,18
7,2,-1.8122107267466457e-06,18
401,1,-2.672956679284222,18
149,2,-7.346467139288454e-07,18
380,2,-7.304385254978453e-07,18
59,3,-1.4758254554649123e-06,18
262,2,-1.0282692632002384,18
212,3,6.999999150182291,18
436,2,-6.236340297884238e-06,18
268,3,0.1040949088532146,18
435,1,-1.7124084085196934e-06,18
718,3,-8.414914902481506e-07,18
444,2,-5.638580289937392e-07,18
18,3,-4.266615514762648e-06,18
593,3,-6.711041722580563e-07,18
585,3,-3.3945271891681853e-06,18
160,3,4.429001702377058,18
482,2,1.5466725318906043,18
676,3,5.007865606060416,18
681,4,-9.110143083548359e-07,18
225,2,-6.132045084235545e-07,18
73,2,-6.569399901073306e-07,18
622,3,-4.1160518529789584e-07,18
425,3,-3.411547040217653e-07,18
168,3,3.80175531493654,18
675,1,-4.3620986822812107e-07,18
142,1,-5.873525599615959e-07,18
600,1,0.9999983307376902,18
236,3,4.206796436311201,18
515,3,1.1909151211301507,18
40,2,-1.1556625145321967e-06,18
455,3,-2.758810349238184e-06,18
257,2,-2.0412915522173856e-06,18
562,4,-6.922481569942637e-07,18
526,4,7.161754724622225,18
28,3,0.8595340385400987,18
216,4,3.179127544396819,18
431,1,-1.2575069566182174e-06,18
315,1,0.9999985270516006,18
65,4,-0.27318168223216643,18
145,2,-5.879416996085393e-06,18
71,2,-1.6628686110247852e-06,18
193,2,0.9999985572688594,18
85,3,12.688733110416633,18
468,4,10.813864580192332,18
644,3,-1.1315258661817166e-06,18
54,3,-2.8903939267835483e-06,18
670,1,-1.1310517745785303e-06,18
492,3,-1.974685135891799e-06,18
36,2,-0.4587131122388515,18
255,1,-1.8076683834363844e-06,18
334,3,-8.128489558134369e-07,18
62,3,-2.5309298586087027e-06,18
139,1,-4.180431388232059e-07,18
647,3,-2.0331897705182732e-07,18
473,2,1.3229617082821998,18
414,3,-1.8299663831923817e-06,18
411,2,-1.223597116861064e-06,18
717,3,-1.550756351202969e-06,18
572,2,1.299963559493324,18
277,3,-4.128304413228501e-07,18
389,3,-8.852993137236295e-07,18
727,3,5.0568079573251286,18
238,3,0.3946178305030328,18
299,3,-1.176357731904971e-06,18
685,2,-8.06726694986294e-07,18
631,2,0.21149348665264012,18
227,2,-7.144957367956599e-07,18
459,3,-7.549325250059557e-07,18
77,2,-0.9226916799202078,18
427,3,-0.8273395974155242,18
22,3,-1.6749434999381974e-06,18
197,2,-0.8789193045265405,18
584,3,-7.435829816406215e-07,18
52,3,0.9999989484646951,18
215,4,-1.4872641514612173e-06,18
609,2,-8.829860844344765e-07,18
550,3,5.999997143160992,18
610,2,-0.4511560378615566,18
109,2,0.9999988151597479,18
75,2,-6.90894098113073e-07,18
553,3,1.9999980124987942,18
182,1,4.104801676894099,18
136,4,2.9999964045588143,18
285,4,1.9999984383216183,18
447,2,-0.01724054637277872,18
448,2,-5.769874197032497e-07,18
214,3,-3.5849809264387686e-07,18
70,1,5.99999560487004,18
133,3,-0.2580601961038034,18
142,1,-5.873525599615959e-07,18
568,2,2.999996541197024,18
669,3,-7.684507676774883e-07,18
615,3,-8.396993211246117e-07,18
442,2,-7.880869610620769e-07,18
373,2,-0.7810605995777254,18
479,2,-4.0905379716075916e-07,18
288,1,-0.010111469440345022,18
522,3,-5.980169347197323e-07,18
156,2,0.9999993327180049,18
147,2,-4.4535630343897927e-07,18
20,3,-0.9506927909157887,18
259,2,2.4698192221883235,18
299,3,-1.176357731904971e-06,18
324,3,7.999993564536614,18
264,2,-1.0751354623779817e-06,18
688,1,-0.39012062379162726,18
634,2,-6.969649375420645e-07,18
97,4,-1.169547827414711e-06,18
524,3,-0.26034402129766776,18
143,2,-0.23589547808078137,18
390,3,-1.0391068599285282e-06,18
269,3,-9.502614358257732e-08,18
571,2,2.99999818625532,18
520,3,2.225083127347744,18
217,4,0.3473024250250596,18
664,1,-0.2625288674129405,18
554,3,7.999992959994617,18
401,1,4.327043320715778,18
482,2,-0.4533274681093957,18
169,3,-6.828493558495172e-07,18
76,2,0.9999987658462853,18
548,3,2.9999969684434156,18
595,3,2.99999822423286,18
360,3,-2.4031319111854834e-07,18
183,1,-7.927350299690213e-08,18
645,3,0.999998934350285,18
542,2,0.23470480859647547,18
192,2,6.9999946193460545,18
79,2,-1.1315070162535925e-06,18
166,3,-6.399514340966184e-07,18
43,2,-0.1226209761018671,18
353,3,-1.7899806373142746e-06,18
515,3,-0.8090848788698494,18
206,3,2.9999975592119332,18
307,3,-4.241883888459179e-07,18
671,4,-7.857995224660634e-07,18
305,3,-4.412534312693492e-07,18
366,1,-2.457774617292598,18
81,3,-1.3591688195489956e-06,18
574,2,-4.779199772619124e-07,18
124,3,-1.8837491341766e-06,18
375,2,1.9999980623264804,18
421,3,-0.5176193170184177,18
587,3,0.16220403742428358,18
213,3,-1.1531520179244189e-06,18
501,4,0.2911297205550718,18
530,1,1.9999988170640768,18
461,3,1.9999980501169015,18
513,2,0.4070167926810433,18
380,2,0.9999992695614746,18
497,3,-0.628583003172997,18
350,3,1.9999975271503612,18
266,3,0.9999987538591394,18
191,2,0.9999983708963127,18
157,3,1.9999975652827582,18
368,1,0.9999987431361785,18
627,1,-4.7398132555781297e-07,18
38,2,-2.0000007807134543,18
402,2,1.9970653593682064,18
410,2,-6.219038089325786e-07,18
33,1,-0.6082547769767493,18
159,3,5.999994941243189,18
467,4,0.06215489539977426,18
231,2,0.0679068302517889,18
63,3,1.2266604782071053,18
545,3,-0.5202263188217056,18
152,2,3.1075383766829647,18
102,1,-2.986115827426376e-07,18
237,3,-1.647183608486723e-06,18
433,1,2.11464189199463,18
177,3,-8.978261351328657e-07,18
559,3,1.3594416778065668,18
544,3,0.14702603506444611,18
374,2,-9.426201449300486e-07,18
481,2,0.9999990135320852,18
188,2,1.9999984467668035,18
123,3,-6.088827796797604e-07,18
370,2,0.9999982357311914,18
696,4,-0.40540064664075753,18
523,3,-8.785180142117223e-07,18
535,2,0.9999986608129877,18
253,1,-6.618117658643987e-07,18
153,2,-1.172510721507996e-06,18
486,3,0.9999986146665781,18
472,1,-2.4173897778565476e-07,18
354,3,0.3264273460799305,18
431,1,-1.2575069566182174e-06,18
318,2,-1.6716727729357604e-06,18
348,2,1.9999978941042482,18
382,3,-0.7922091250838932,18
9,2,2.9999975891466173,18
600,1,0.9999983307376902,18
683,2,-1.0667848478576912e-06,18
633,2,0.9999983669499126,18
117,2,0.9999993401858058,18
325,3,-1.5853246303151237e-06,18
139,1,-4.180431388232059e-07,18
56,3,-3.2173962136055484e-07,18
118,2,-5.171006880502772e-07,18
487,3,-9.275048572606237e-07,18
4,1,6.999994609450872,18
344,2,-1.6383421445118203e-06,18
87,3,-5.600770987805393e-07,18
150,2,-0.17627985792673542,18
92,3,-0.3361790662489409,18
465,4,-0.33279657914001776,18
110,2,1.9999980341580186,18
294,2,-4.932866889447903e-07,18
293,2,-1.1551052128645104e-06,18
202,3,-0.7232084558890732,18
585,3,2.999996605472811,18
514,2,7.999993481317046,18
138,1,-6.674701213267513e-07,18
579,3,0.9999993223745252,18
90,3,-0.692886161827941,18
386,3,1.9999978616319505,18
204,3,-6.521812130233625e-07,18
371,2,-1.3080469172653048e-06,18
328,3,8.999991266822928,18
636,2,-1.608814350777714e-07,18
244,3,2.4433761182819365,18
131,3,-6.777687531908392e-07,18
422,3,5.999992200085939,18
424,3,0.9999983509509369,18
23,3,5.999994756119757,18
270,3,1.9999977643991949,18
626,4,-2.668279699222425e-07,18
510,2,-6.734799534759412e-07,18
221,1,0.16752122243791467,18
415,3,5.99999502363028,18
180,4,1.9999976640242825,18
419,3,-1.358620218541537e-06,18
306,3,-1.0171219090511993e-06,18
391,3,-7.198178100893478e-07,18
223,1,-2.0690850141204548e-07,18
83,3,-0.7163107395127795,18
37,2,-1.1909426319413897e-06,18
55,3,-0.5068476419138375,18
173,3,-0.5786460893247797,18
673,3,-6.770300573633394e-07,18
562,4,-6.922481569942637e-07,18
605,2,-3.870785013098804e-07,18
254,1,-7.271406309065006e-07,18
588,3,1.9999987225058116,18
606,2,-0.5020562059432359,18
115,2,2.9999989275081083,18
68,1,-7.037531455378347e-07,18
164,3,-8.525706808069308e-07,18
397,4,-5.642806939634638e-07,18
151,2,-5.343046766994208e-07,18
234,2,0.3873771782200621,18
51,3,-1.363455372454731e-06,18
684,2,-9.478936845893248e-07,18
95,3,-3.1250009469979257e-07,18
146,2,8.999992492257666,18
74,2,2.9999970853504134,18
430,4,-1.6387254977998296,18
111,2,-1.3420111174808282e-06,18
352,3,-5.977354747355928e-07,18
608,2,0.9999985857942,18
470,1,0.5074923408761753,18
315,1,-1.4729483993106608e-06,18
692,2,-2.2160660957794198e-07,18
21,3,-1.3172435319244982,18
651,3,0.999999465232871,18
316,2,0.27122028684782573,18
426,3,-3.344685787337849e-07,18
474,2,1.9999969916281217,18
388,3,3.662839631816059,18
290,2,-0.8028660477911072,18
652,3,0.9999992476046455,18
262,2,-0.02826926320023837,18
356,3,-1.1231217495184597e-06,18
679,1,-1.0235723640229513e-07,18
582,3,-1.3912521020077955e-06,18
140,1,-3.568447612356699e-07,18
653,3,0.9999990351057745,18
50,3,-0.22471782291864484,18
256,2,-0.6353441395719294,18
573,2,1.8381219151667274,18
338,4,-8.93621784909166e-07,18
250,4,-0.5746865248854733,18
176,3,-2.6441107620169184e-07,18
219,4,0.9999992842345182,18
628,1,-3.2228246965353045e-07,18
149,2,-7.346467139288454e-07,18
363,4,-3.730437706835171e-07,18
458,3,-8.0625493231401e-07,18
459,3,-7.549325250059557e-07,18
185,1,1.9999978172889714,18
496,3,-4.2018820019855854e-07,18
624,4,-1.6074404054532804e-06,18
583,3,-3.6810404834754555e-07,18
302,3,-0.7912252139213998,18
277,3,-4.128304413228501e-07,18
319,2,0.9999988152876781,18
406,2,-0.7063805261388256,18
361,3,-8.830248229526999e-07,18
175,3,-1.3519352012463393e-07,18
160,3,-0.5709982976229419,18
272,3,-9.587223982800195e-07,18
69,1,-1.0178497107269122e-06,18
210,3,6.999994494797785,18
103,1,-4.372116119313788e-07,18
119,3,-2.0849791453721727e-06,18
441,2,-9.690844793534627e-07,18
607,2,-3.008668388092695e-07,18
14,2,0.7750938580062909,18
34,1,-0.47718787316553846,18
506,2,-1.0317020411347493,18
107,2,-1.0781321348432313,18
647,3,-2.0331897705182732e-07,18
434,1,2.999998004528629,18
456,3,-5.397503363878387e-07,18
563,4,-0.0715985080149577,18
598,4,-6.945124896086416e-07,18
594,3,-0.08607470462171629,18
27,3,-0.9913784641835013,18
680,4,-8.342398219460478e-07,18
44,2,0.9999984095376525,18
495,3,-0.2915293262763694,18
485,3,-1.475044749667432e-06,18
261,2,-0.8504063843279133,18
351,3,-1.6739432647795843e-06,18
267,3,-0.263502114873855,18
670,1,-1.1310517745785303e-06,18
682,2,-9.51619012951877e-07,18
672,2,0.9999986743642575,18
339,1,1.999999059017606,18
635,2,1.999997675375099,18
528,1,3.8851548627773305,18
445,2,-5.071762536399406e-07,18
464,3,-5.449896016752616e-07,18
444,2,-5.638580289937392e-07,18
613,3,-7.836417490253383e-07,18
646,3,-4.6370425446844694e-07,18
656,4,-1.0791676341854144e-07,18
575,2,-7.295941891074333e-07,18
104,1,-0.19775458547962296,18
18,3,6.999995733384485,18
367,1,-1.0120476299483524e-06,18
480,2,1.9999985881305762,18
82,3,-0.31930667115176314,18
194,2,-5.656426984068807e-07,18
533,2,5.999995369623453,18
295,2,0.999998566889436,18
389,3,0.9999991147006863,18
13,2,2.999995292909058,18
158,3,-1.0838415643040585e-06,18
569,2,-0.6642098251116064,18
557,3,-0.523915286242123,18
667,2,-1.333756465389554e-07,18
697,3,-7.979836295175287e-07,18
216,4,-0.820872455603181,18
80,2,-2.3236597576102766e-06,18
228,2,-0.8864139498166874,18
438,2,-7.934415513197176e-07,18
26,3,-2.1553743964091127e-06,18
686,3,-4.524136182642517e-07,18
298,2,4.999996597308915,18
398,4,5.156418631295992,18
35,1,-6.449250684829355e-07,18
384,3,-8.200735560328837e-07,18
311,4,1.999998003671967,18
604,2,-5.627037308902034e-07,18
629,1,2.9999992119092305,18
297,2,-0.30682822752094674,18
408,2,-1.0641919304186901e-06,18
566,1,1.9999974907600302,18
224,2,1.9999971804755095,18
705,2,-3.2470263265318555e-07,18
578,2,-3.7482765795528683e-07,18
540,2,-0.24930736255329203,18
455,3,1.9999972411896507,18
383,3,0.9999989121770861,18
198,2,-4.78172311850265e-07,18
165,3,-4.4503350096537097e-07,18
439,2,-8.67615526689378e-07,18
17,3,-9.106361316707375e-07,18
435,1,-1.7124084085196934e-06,18
685,2,-8.06726694986294e-07,18
504,1,-1.0000010576257905,18
287,1,-1.2888991467518274e-06,18
189,2,-8.354135536452571e-07,18
36,2,-0.4587131122388515,18
452,3,0.999997914577907,18
668,3,-0.7917696467860197,18
1,1,-1.3025442603055498e-06,18
508,2,-1.299879819119699e-06,18
661,4,-1.0513866420615183,18
687,3,-0.6941837280930311,18
546,3,-4.979328043128175e-07,18
283,4,-0.8435911064705228,18
593,3,-6.711041722580563e-07,18
126,3,-8.498631769192944e-07,18
78,2,0.9566666506976884,18
599,4,-0.319834208410319,18
274,3,1.9999992013694619,18
500,4,-5.990567349038612e-07,18
466,4,-8.595197678228429e-07,18
230,2,-8.76540684742797e-07,18
96,3,0.999998906721094,18
644,3,-1.1315258661817166e-06,18
576,2,-0.5576619701969356,18
5,2,-0.7769214159022033,18
196,2,-5.849217721228611e-07,18
249,4,4.999996914650337,18
345,2,-0.3874970222797096,18
691,4,-1.6546683882363422e-06,18
73,2,-6.569399901073306e-07,18
379,2,-6.804231720562237e-07,18
527,4,-1.109899701937656e-06,18
120,3,5.99999521457063,18
225,2,-6.132045084235545e-07,18
532,2,-0.610383214112869,18
468,4,-0.18613541980766787,18
693,3,-1.1000357304479577e-06,18
365,4,0.9999985469309954,18
630,1,0.29932265273128134,18
359,3,1.9999987503410963,18
326,3,-9.938763697319649e-07,18
195,2,-8.109810169996662e-07,18
276,3,-6.495506308470987e-07,18
162,3,3.999996572254198,18
413,3,-7.854729799058385e-07,18
7,2,-1.8122107267466457e-06,18
641,2,-6.740287811025097e-07,18
284,4,1.9999978611072615,18
521,3,1.9999972347898336,18
222,1,0.3166387816718996,18
322,2,0.9999985920034699,18
220,1,0.21380459539048657,18
558,3,-2.112034022965996e-06,18
640,2,-9.089384641031295e-08,18
337,4,0.9999982337936552,18
101,1,0.7132621854773711,18
47,3,1.9999979053246806,18
689,3,-0.6141258435707873,18
16,3,2.99999586553739,18
492,3,1.9999980253148641,18
125,3,-9.803018062895986e-07,18
3,1,5.99999365639307,18
321,2,5.50032347400725,18
638,2,-0.4083732302882974,18
525,4,2.999996727756745,18
114,2,-0.45486086572259227,18
94,3,2.9999993524179858,18
239,3,1.999998383119915,18
619,3,1.9999980882215276,18
639,2,-6.751233841903257e-07,18
329,3,7.999993308937189,18
320,2,0.9999987986590488,18
596,4,-0.14777471078897508,18
478,2,-6.672648941176084e-07,18
98,4,2.9999976555854966,18
275,3,0.5514814118396112,18
292,2,-8.70629006122168e-07,18
621,3,-0.30530976488569145,18
209,3,-8.731649722692268e-07,18
676,3,-0.9921343939395842,18
170,3,-1.034146972087311e-06,18
529,1,-9.83474971031687e-07,18
19,3,-1.0813488313092967,18
65,4,0.7268183177678336,18
154,2,-6.578290415842487e-07,18
130,3,-3.356830622848814e-07,18
617,3,0.9999982076994015,18
282,3,-5.631419313706454e-07,18
2,1,1.9999966541719512,18
232,2,4.71918645863414,18
681,4,-9.110143083548359e-07,18
15,2,5.9999936173313,18
547,3,-7.093054912756068e-07,18
489,3,1.9999981779532705,18
181,4,0.9999984946173541,18
340,1,1.9999991299825424,18
643,3,-7.535127871275108e-07,18
323,2,1.9999993565915393,18
420,3,0.9999989394999216,18
91,3,2.9999989018734743,18
64,4,2.999996679632546,18
247,3,1.9999988816380136,18
12,2,-0.662082180792336,18
473,2,-0.6770382917178003,18
543,3,5.9999947606023545,18
507,2,-2.880701058573435e-07,18
625,4,0.9999984028541423,18
400,1,-1.1591048266178893e-06,18
612,3,-0.5493673640105248,18
313,4,-0.6634480236584233,18
243,3,0.9999989282963658,18
333,3,-4.443428551692004e-07,18
53,3,-1.0945371012818691e-06,18
31,4,0.11299452772058205,18
357,3,-0.38878338655341715,18
335,3,0.9999973335500109,18
246,3,-0.6725383493334888,18
57,3,0.9999989893571262,18
227,2,-7.144957367956599e-07,18
25,3,-1.1404185786946866e-06,18
537,2,-2.066464026667269e-07,18
347,2,-8.823741082038326e-07,18
440,2,-9.129320392024935e-07,18
218,4,-4.195495359770812e-07,18
369,1,-0.40891852985485877,18
499,4,1.9999979150801763,18
148,2,-2.819928696816486e-07,18
700,3,-2.974155222466999e-07,18
135,4,-0.23462731233987144,18
341,1,0.7456197986452213,18
701,2,-8.877299776041822e-07,18
248,3,3.999998162264273,18
407,2,-0.8356190724200431,18
167,3,-1.0018712972247444e-06,18
659,2,-1.921282607226506e-07,18
106,2,1.0691354519698824,18
296,2,0.9999989265431544,18
476,2,0.0142792652589534,18
536,2,-6.619627784945045e-07,18
108,2,-6.867191312167524e-07,18
654,4,0.9999991656143842,18
255,1,0.9999981923316166,18
66,1,-7.153348635407247e-07,18
531,2,0.999998843044083,18
289,1,1.9999991444371767,18
85,3,1.6887331104166332,18
454,3,-8.151969732467756e-07,18
393,3,-0.5818267089042153,18
549,3,-2.8352097526136766e-07,18
308,3,-0.43213580431803966,18
451,3,-3.202349634614311e-07,18
39,2,-1.2099069822891923e-06,18
129,3,0.7412569629903114,18
71,2,1.999998337131389,18
677,3,-6.614073339681344e-07,18
675,1,-4.3620986822812107e-07,18
396,3,5.999995095049786,18
518,3,1.999997866006239,18
372,2,-0.5879433869485302,18
460,3,-2.769894758814302e-07,18
511,2,0.9999983463654749,18
349,2,-3.2411537103982215e-07,18
271,3,-1.609516188771191e-06,18
281,3,0.999999145255096,18
113,2,-0.5155093615046236,18
100,4,4.999996492956088,18
539,2,-0.1521204665798009,18
428,3,-2.350090571093139e-07,18
526,4,-0.8382452753777755,18
551,3,-0.4665394178035517,18
632,2,-5.297550827442096e-07,18
603,2,-3.8477150186913533e-07,18
161,3,-0.37363943328172483,18
556,3,-9.467492877565928e-07,18
291,2,-0.9079772584929644,18
572,2,0.299963559493324,18
560,4,0.9999988438872881,18
45,2,-8.44142633234642e-07,18
309,3,1.079447907660736,18
105,1,5.999997893146147,18
6,2,3.972733165621656,18
555,3,-3.176563028657909e-07,18
432,1,10.999991184470815,18
121,3,2.99999780456993,18
699,3,-0.4985146004674226,18
190,2,-7.279521636217984e-07,18
141,1,-5.74513362500844e-07,18
658,4,-2.3420623741391902e-07,18
516,3,-0.1921340249520287,18
163,3,0.9999981440755372,18
567,1,7.999993639451185,18
498,3,-9.117909606655964e-07,18
395,3,5.999995705267203,18
505,2,1.9999980778777666,18
235,3,8.999990094518774,18
534,2,-3.6659265531066103e-07,18
312,4,-4.352500656827677e-07,18
695,2,-5.12866278281484e-07,18
89,3,1.617958167142168,18
327,3,-5.01085780748445e-07,18
30,4,-9.862031969307682e-07,18
258,2,-1.0341506598023835,18
122,3,5.999994767425884,18
134,3,-0.13764020090980586,18
602,1,-4.243262720699936e-07,18
168,3,0.8017553149365397,18
387,3,-8.716910341526275e-07,18
314,1,-0.8177882589579254,18
346,2,1.6085410278772088,18
155,2,-3.54644964190468e-07,18
310,4,1.9999973683372445,18
93,3,-4.127232250991077e-07,18
660,3,-1.1918369320602673,18
469,1,-6.243079194920798e-07,18
229,2,-5.403699923350818e-07,18
242,3,-9.27863904600385e-07,18
201,3,6.999992402715804,18
678,2,-8.42538666084725e-07,18
552,3,-7.967692324639586e-07,18
193,2,0.9999985572688594,18
381,3,-9.06287151411525e-07,18
300,3,-0.6239613839745718,18
650,3,5.999996336269452,18
414,3,-1.8299663831923817e-06,18
301,3,0.9999986256016731,18
412,2,-0.28580257186096797,18
519,3,-7.065018161750776e-07,18
205,3,0.9999981313486269,18
172,3,-3.83781596030572e-07,18
618,3,0.9999993261146682,18
265,2,-0.49839954512040263,18
564,4,5.9999941273671356,18
279,3,-0.3428191641396769,18
257,2,-2.0412915522173856e-06,18
565,1,-0.7930953815269398,18
317,2,0.9999985763977898,18
40,2,-1.1556625145321967e-06,18
268,3,0.1040949088532146,18
637,2,-5.274681022301249e-07,18
409,2,-1.2214119353000314,18
60,3,-0.7034571782580028,18
429,3,-7.628552259835067e-07,18
614,3,-0.6611069745970054,18
385,3,-0.7495231105455611,18
494,3,-1.1620746689113317e-06,18
211,3,2.6268141193186816,18
394,3,2.999996727833282,18
488,3,0.4507559205656433,18
423,3,1.9999969584639556,18
475,2,-0.7184607146383309,18
99,4,2.999997667661634,18
32,1,-1.4706344899810783e-06,18
463,3,0.9999990884360838,18
417,3,2.9999969503639345,18
245,3,0.991011979746433,18
128,3,-5.699597270485161e-07,18
403,2,12.999991624292113,18
48,3,0.13181950408737864,18
343,2,-1.6979991537179198e-06,18
561,4,-5.783419851298206e-07,18
490,3,-5.082338173613106e-07,18
88,3,5.999994823557014,18
577,2,0.9999991689094596,18
200,3,6.999993438632773,18
112,2,-0.6713558361675398,18
698,3,-7.842477444358819e-07,18
590,3,-0.13223978107684453,18
303,3,-0.6515089691151066,18
207,3,1.999997380925191,18
703,1,-0.9022477637340871,18
702,3,-1.189283338140727e-07,18
616,3,-0.8352884111472899,18
342,2,8.999994720902595,18
581,3,-3.0933826302643197e-07,18
62,3,0.9999974690701414,18
503,1,1.99999723868872,18
132,3,0.9999990025392255,18
502,1,-4.790483846603338e-07,18
332,3,-1.1064060293923692e-06,18
418,3,4.999995889656784,18
674,1,-1.2429475416212453e-06,18
362,4,-0.846348817648262,18
278,3,-6.210263476180989e-07,18
649,3,-2.467135148238716e-07,18
399,1,5.99999646758571,18
178,4,-0.6506585594959841,18
286,4,-0.27798225247392616,18
484,2,-5.769023707737268e-07,18
331,3,-3.9359367651047686e-07,18
208,3,-1.9421304010409485e-07,18
241,3,1.9999981130947004,18
11,2,-1.202097713170711e-06,18
240,3,1.9999980064340046,18
666,4,-1.0978113425597147e-06,18
541,2,11.999989951902085,18
233,2,1.9999973929541808,18
54,3,1.9999971096060731,18
10,2,-6.479379126464103e-07,18
187,2,0.9999988070653433,18
416,3,0.9999994341507425,18
46,2,-9.081789216718421e-07,18
144,2,8.999993800899855,18
591,3,6.9999949649881215,18
631,2,-0.7885065133473599,18
72,2,-1.4679426607236051e-06,18
58,3,0.9999990907111537,18
586,3,-8.730586914464038e-07,18
355,3,1.9999985307967583,18
592,3,-4.4138155178713826e-07,18
436,2,7.9999937636597025,18
236,3,0.2067964363112016,18
145,2,7.999994120583004,18
61,3,-6.112309337259807e-07,18
462,3,0.9999990232141608,18
509,2,-0.06338964170517847,18
49,3,-0.5632685135157536,18
648,3,-2.1556687848986326e-07,18
443,2,7.999993097089005,18
449,3,1.9999972986699621,18
364,4,1.9999980500490668,18
662,2,-5.923008903486023e-07,18
611,2,0.5406661198477503,18
704,3,-2.983058035142255e-07,18
171,3,0.9999984488289562,18
665,1,-4.995415231528736e-07,18
446,2,-8.890348707299182e-07,18
304,3,1.9999986713013578,18
404,2,-6.840612893889221e-07,18
623,3,1.9999982523350521,18
116,2,-7.328845904429098e-07,18
580,3,7.999992464706279,18
655,4,-4.455544514393492e-07,18
642,3,0.9257685651496335,18
59,3,5.999998524174544,18
694,2,-7.095844701376808e-07,18
334,3,-8.128489558134369e-07,18
512,2,-8.997402186102565e-07,18
127,3,-3.0146974598736327e-07,18
411,2,0.9999987764028831,18
477,2,0.9999987484651416,18
251,4,6.999994889820019,18
24,3,-9.932733185235575e-07,18
263,2,-0.801044582109826,18
570,2,-0.7340972157609413,18
336,3,-1.2801934541946048e-06,18
226,2,-2.528994447737896e-06,18
437,2,5.999995052331786,18
174,3,-4.502033202869777e-07,18
28,3,-0.1404659614599013,18
589,3,4.999996186489142,18
392,3,-0.12390302293530886,18
491,3,1.9999968057550983,18
601,1,-4.524942419639161e-07,18
377,2,0.9999981385813407,18
84,3,-0.908516073758056,18
471,1,-2.983403402762603e-07,18
179,4,-3.881664480758322e-07,18
663,3,-1.0493777901289872e-06,18
67,1,-1.2488737956668736e-06,18
358,3,-0.105584424207263,18
184,1,-4.278336229185285e-07,18
199,2,1.999998108332604,18
41,2,-5.915095121872921e-07,18
42,2,0.4313269233644892,18
260,2,-0.1934884029586741,18
425,3,-3.411547040217653e-07,18
450,3,-0.7571256477023212,18
376,2,-8.80137096062274e-07,18
690,3,-4.6143123800300333e-07,18
29,3,0.2945594266163507,18
330,3,-0.8800691576695553,18
378,2,-0.12244163089266902,18
620,3,0.9999993209960372,18
622,3,-4.1160518529789584e-07,18
657,4,-3.801087517017984e-07,18
453,3,1.999997768340071,18
517,3,0.9999979059783196,18
405,2,-1.2015571230083186e-06,18
8,2,-0.9720768450679307,18
86,3,-0.639887415390386,18
203,3,-0.02030970774730889,18
212,3,-8.498177083611859e-07,18
137,4,-5.055258048395773e-07,18
280,3,-0.2658999474651689,18
186,2,-5.908477741772462e-07,18
252,4,1.999996937255769,18
483,2,-7.2448923815591e-07,18
597,4,1.196050024682076,18
493,3,-7.817203587852453e-07,18
538,2,-1.284955117192464e-06,18
273,3,-1.64915705746609e-06,18
238,3,-1.6053821694969672,18
457,3,-0.12896397789242764,18
